-- phpMyAdmin SQL Dump
-- version 5.0.2
-- https://www.phpmyadmin.net/
--
-- Host: 127.0.0.1
-- Generation Time: May 18, 2023 at 10:19 AM
-- Server version: 10.4.13-MariaDB
-- PHP Version: 7.2.32

SET SQL_MODE = "NO_AUTO_VALUE_ON_ZERO";
START TRANSACTION;
SET time_zone = "+00:00";


/*!40101 SET @OLD_CHARACTER_SET_CLIENT=@@CHARACTER_SET_CLIENT */;
/*!40101 SET @OLD_CHARACTER_SET_RESULTS=@@CHARACTER_SET_RESULTS */;
/*!40101 SET @OLD_COLLATION_CONNECTION=@@COLLATION_CONNECTION */;
/*!40101 SET NAMES utf8mb4 */;

--
-- Database: `ewtkd`
--

-- --------------------------------------------------------

--
-- Table structure for table `admin_0_acc`
--

CREATE TABLE `admin_0_acc` (
  `admin_id` int(11) NOT NULL,
  `admin_username` varchar(20) NOT NULL,
  `admin_password` varchar(20) NOT NULL
) ENGINE=InnoDB DEFAULT CHARSET=utf8mb4;

--
-- Dumping data for table `admin_0_acc`
--

INSERT INTO `admin_0_acc` (`admin_id`, `admin_username`, `admin_password`) VALUES
(1, 'admin', 'admin');

-- --------------------------------------------------------

--
-- Table structure for table `general_0_center`
--

CREATE TABLE `general_0_center` (
  `center_id` int(10) NOT NULL,
  `center_name` varchar(20) NOT NULL
) ENGINE=InnoDB DEFAULT CHARSET=utf8mb4;

--
-- Dumping data for table `general_0_center`
--

INSERT INTO `general_0_center` (`center_id`, `center_name`) VALUES
(1, 'BSP'),
(2, 'SRAI'),
(3, 'SKPP11(3)'),
(4, 'SRITIN'),
(5, 'SMKBSP');

-- --------------------------------------------------------

--
-- Table structure for table `general_1_session`
--

CREATE TABLE `general_1_session` (
  `session_id` int(11) NOT NULL,
  `session_name` varchar(20) NOT NULL
) ENGINE=InnoDB DEFAULT CHARSET=utf8mb4;

--
-- Dumping data for table `general_1_session`
--

INSERT INTO `general_1_session` (`session_id`, `session_name`) VALUES
(1, 'Basic Class'),
(2, 'Sparring Class'),
(3, 'Poomsae Class');

-- --------------------------------------------------------

--
-- Table structure for table `general_2_grade`
--

CREATE TABLE `general_2_grade` (
  `grade_id` int(11) DEFAULT NULL,
  `grade_name` varchar(20) NOT NULL
) ENGINE=InnoDB DEFAULT CHARSET=utf8mb4;

-- --------------------------------------------------------

--
-- Table structure for table `general_3_class`
--

CREATE TABLE `general_3_class` (
  `class_id` int(11) NOT NULL,
  `class_center_id` varchar(20) NOT NULL,
  `class_session_id` varchar(20) NOT NULL,
  `class_day` varchar(20) NOT NULL,
  `class_time` varchar(20) NOT NULL
) ENGINE=InnoDB DEFAULT CHARSET=utf8mb4;

--
-- Dumping data for table `general_3_class`
--

INSERT INTO `general_3_class` (`class_id`, `class_center_id`, `class_session_id`, `class_day`, `class_time`) VALUES
(1, '1', '1', 'Tue', '8:30-10 :00 PM'),
(2, '1', '1', 'Thur', '8:30-10 :00 PM'),
(3, '1', '1', 'Sat', '9:00-10:30 AM'),
(4, '1', '1', 'Sat', '9:00-10:30 AM'),
(5, '1', '2', 'Wed', '8:30-10 :00 PM'),
(6, '1', '2', 'Fri', '8:30-10 :00 PM'),
(7, '1', '3', 'Sat', '5:00-6:30 PM'),
(8, '2', '1', 'Tue', '4:00-5:30 PM'),
(9, '3', '1', 'Sat', '10:30 AM-12:00 PM'),
(10, '4', '1', 'Thur', '9:00- 11:00 AM'),
(11, '5', '1', 'Sat', '8:00- 9:30 AM');

-- --------------------------------------------------------

--
-- Table structure for table `student_0_db`
--

CREATE TABLE `student_0_db` (
  `student_id` int(11) NOT NULL,
  `student_name` varchar(48) DEFAULT NULL,
  `student_ic` varchar(26) DEFAULT NULL,
  `student_grade` varchar(6) DEFAULT NULL,
  `student_center_id` varchar(3) DEFAULT NULL,
  `student_address` varchar(97) DEFAULT NULL,
  `student_tel_no` varchar(36) DEFAULT NULL,
  `student_email` varchar(46) DEFAULT NULL
) ENGINE=InnoDB DEFAULT CHARSET=utf8;

--
-- Dumping data for table `student_0_db`
--

INSERT INTO `student_0_db` (`student_id`, `student_name`, `student_ic`, `student_grade`, `student_center_id`, `student_address`, `student_tel_no`, `student_email`) VALUES
(1, 'AINUL KAMILIA BT. KHAIRUL AZREEM', '011115-10-0938', '5', '1', 'NO 50 JALAN SERI PUTRA 3/9, BANDAR', '019-3823494', 'Juana_ahmad@yahoo.com'),
(2, 'MUHAMMAD RUSYAIDIE B. RAMLAN', '000323-14-1335', '15', '1', 'B-T-01-U-16, JALAN P14 H, SUB1', '019-4951261', 'dayangzulaiha99@gmail.com'),
(3, 'DAYANG ZULAIKHA BT. RAMLAN', '990130-56-5428', '15', '1', 'B-T-01-U-16, JALAN P14 H, SUB1', '019-4951262', 'dayangzulaiha99@gmail.com'),
(4, 'DAYANG ZUHAIRAH BT. RAMLAN', '010527-14-0800', '15', '1', 'B-T-01-U-16, JALAN P14 H, SUB1', '019-4951263', 'dayangzulaiha99@gmail.com'),
(5, 'MUHAMMAD NUR ALIFF B. RIZWANWASTI', '990502-10-6901', '15', '1', 'NO 42 JALAN DAHLIA 3,LAMAN DAH', '011-10978649\n011-109', 'ina_rizwan@gmail.com'),
(6, 'MUHAMMAD NUR IQBAL B. RIZWANWASTI', '000704-10-0027', '15', '1', 'NO 42 JALAN DAHLIA 3,LAMAN DAH', '011-10978649\n011-109', 'ina_rizwan@gmail.com'),
(7, 'MUHAMMAD HAZIQ B. AHMAD FAUZI', '011013-04-0161', '15', '1', 'NO 4,JALAN SER PUTRA 3/P,BANDA', '013-6302490', 'anor4994@gmail.com'),
(8, 'ABDUL HAFIZ B. MOHD. NOOR', '0404281-14-0423', '15', '1', '133 JALAN 8/5, SEKSYEN 8, BAND', '012-3990354', 'adzne@yahoo.com'),
(9, 'DANIAL HARRIS B. ZAHARIMAN ', '050820-16-0049', '15', '1', 'NO 39,JALAN TROPIKA 5,TAMAN TR', '016-2710806', 'zarina.napiah@gmail.com'),
(10, 'MUHAMMAD ANIQ ALTAMIS B. MOHD HAILANEY', '050615-03-0587', '15', '1', 'BLOCK P7A2 T05, FASA 7, JALAN ', '014-3434234', 'safwannabihan@gmail.com'),
(11, 'MOHD. HAIRUNNAJIB B. SULI', '811028-01-5239', '14', '1', 'NO 50,JALAN SERI PUTRA 3/3,BAN', '012-3045450', 'najibsuli@gmail.com'),
(12, 'MOHD. HAZIQ ZUHAIRI B. MOHD. HEZRI', '981231-05-5625', '14', '1', 'NO. 18-3, JALAN SERI PUTRA 1/2', '019-3823494', 'juana_ahmad@yahoo.com'),
(13, 'IMAN RAZIQ B. SAZLY', '030720-14-0341', '14', '1', 'NO 29,JALAN SERI PUTRA 2/4C,BA', '012-3632118\n012-3551', 'sal79.sa@gmail.com\\'),
(14, 'IZZAH HANANI BT. MOHD. MOHYIDDIN', '040113-10-1470', '13', '1', 'NO. 18-3, JALAN SERI PUTRA 1/2', '019-3823494', 'juana_ahmad@yahoo.com'),
(15, 'MUHAMMAD ZUL HAIKAL B. MOHD ZUL HUSNI', '060717-14-0073', '13', '1', 'NO.3, JALAN 5/33, SEKSYEN 5, B', '012-9892032', 'juana_ahmad@yahoo.com'),
(16, 'MUHAMMAD ZUL IRFAN B. MOHD ZUL HUSNI', '0607717-14-0081', '13', '1', 'NO.3, JALAN 5/33, SEKSYEN 5, B', '012-9892033', 'juana_ahmad@yahoo.com'),
(17, 'FIRZAN SHAMIL BIN MOHD FADZIL', '050202-16-0017', '13', '1', 'NO.16, JALAN 1/3A, SEKSYEN 1, ', '013-2212661', 'shajar.ptm@gmail.com'),
(18, 'ABDULLAH ADAM KHAIRI B. KHAIRUL AZLAN SHAHRIL ', '130704-05-0117', '11', '1', 'NO.4, JALAN 2/2A, BANGI 43000 ', '013-3952821\n013-3500', 'drnorren@yahoo.com'),
(19, 'MUHAMMAD SAFWAN NABIHAN B. SAIFUL NIZAM', '090814-16-0065', '11', '1', 'BLOCK P7A2 T05, FASA 7, JALAN ', '014-3434234', 'safwannabihan@gmail.com'),
(20, 'AMIR DANIAL B. KHAIRUL AZREEM', '100104-10-0769', '11', '1', 'NO 50 JALAN SERI PUTRA 3/9, BA', '019-3823493', 'Juana_ahmad@yahoo.com'),
(21, 'NUR AQEELA SHAFIAH BT. SUHARDI', '060225-91-0078', '11', '1', 'NO 14 JALAN 15/3C SEK 15 BANDA', '019-6417386', 'iniza3@yahoo.com'),
(22, 'MUHAMMAD ADAM ZUHAILY B. ZULKIFLEE', '090207-10-0191', '11', '1', 'NO. 18-3, JALAN SERI PUTRA 1/2', '019-3823494', 'juana_ahmad@yahoo.com'),
(23, 'NUR ALIAH FARISHAH BT. RIDWAN ', '070113-10-0096', '11', '1', 'NO.43, JALAN TPS 2/3, TAMAN PE', '012-3772334\n012-3703', 'juana_ahmad@yahoo.com'),
(24, 'NUR AMIRAH FIRZANAH BT. RIDWAN', '090604-10-0574', '11', '1', 'NO.43, JALAN TPS 2/3, TAMAN PE', '012-3772334\n012-3703', 'juana_ahmad@yahoo.com'),
(25, 'NUR IMAN B. MISHAR HAFIZ ', '060217-10-1131', '11', '1', '7G, JALAN SERI PUTRA 2/5E, BAN', '019-3490839', 'juana_ahmad@yahoo.com'),
(26, 'IMAN NAUFAL HAKEEM B. HERMAN', '100404-10-0103', '11', '1', 'NO. 18-3, JALAN SERI PUTRA 1/2', '019-3823494', 'juana_ahmad@yahoo.com'),
(27, 'MASYITAH BT. MOHD. NOOR', '1002121-14-0362', '10', '1', '133 JALAN 8/5, SEKSYEN 8, BAND', '012-3990354', 'adzne@yahoo.com'),
(28, 'ALEEYA ZARA BT. MUHAMMAD ZAHIDEE (+5CLS)', '100911-01-1148', '10', '1', 'NO.3, JALAN BM 6/13C, SEKSYEN ', '019-7410242\n019-6172', 'xe_naseem@hotmail.com'),
(29, 'MARHA MAIZAN BT. HUSAIRY ', '090416-01-0416', '10', '1', 'NO.4 ,JALAN SERI PUTRA 2/22, B', '019-7557549\n019-7577', 'husaing.haron@gmail.com'),
(30, 'HARLINA SYASYA BINTI SAHRON', '100917-01-1990', '10', '1', 'NO.12, JALAN BM 6/15A BANDAR B', '019-2400503', 'ainyahya@gmail.com'),
(31, 'HAFIY ASYRAF BIN SAHRON', '	070109-01-0469', '10', '1', 'NO.12, JALAN BM 6/15A BANDAR B', '019-2400503', 'ainyahya@gmail.com'),
(32, 'UMAR FAHIM B. MOHD. AZWAN', '090127-14-0767', '10', '1', 'NO. 18-3, JALAN SERI PUTRA 1/2', '019-3823494', 'juana_ahmad@yahoo.com'),
(33, 'AIMAN YASIER B. AHMAD TARMIZI', '080808-10-2177', '10', '1', 'LOT 22, JALAN KELISA 3, KG. SG', '019-2885144\n019-2405', 'juana_ahmad@yahoo.com'),
(34, 'MUHAMMAD ANAS THAQIF B.MUHAMMAD AMINUDDIN', '091112-10-0273', '10', '1', 'NO. 18-3, JALAN SERI PUTRA 1/2', '019-3823494', 'juana_ahmad@yahoo.com'),
(35, 'NUR AIN DANIALIA BT. ZAHARIMAN ', '090823-10-1366', '10', '1', 'NO 39,JALAN TROPIKA 5,TAMAN TR', '016-2710806', 'byouservices@yahoo.com'),
(36, 'NURUL HAFIZZAH BT. MOHD. KAMIL', '070718-10-0208', '10', '1', 'LOT 994 KG BATU 5,JALAN BANGI ', '013-2300798', 'mkamil1986@gmail.com'),
(37, 'UMAR B. ZULHISHAM', '', '10', '1', 'NO 13 JALAN 3/M,BANDAR SERI PU', '019-2406484', 'juana_ahmad@yahoo.com'),
(38, 'NUREEN NABILA BT. SHAMSUL ASRAF', '020524-14-1460', '10', '1', 'NO 28 JALAN SERI PUTRA 3/E BAN', '013-3887311', 'hermanazirah@yahoo.com'),
(39, 'HAZIQ AHMAD BIN SAHRON', '080903-01-1329', '10', '1', 'NO.12, JALAN BM 6/15A BANDAR B', '019-2400503', 'ainyahya@gmail.com'),
(40, 'ABDULLAH FADZIL B. ABDUL HAMID', '870311-04-5281', '9', '1', 'DT04-405 BLOCK D, JALAN P11 B1', '010-9310381\n013-4590', 'pjoe_1103@gmail.com'),
(41, 'ADAM ANAQI B. ABDUL RAHMAN', '090406-14-1359', '9', '1', 'NO.5,JALAN SERI PUTRA 3/A SERI', '013-3413427', 'faizirl1972.arhy@gmail.com'),
(42, 'MUHAMMAD ARIF ZAYD B. ABDULLAH ', '100404-87-0079', '9', '1', 'NO.3, JALAN SATERA 1/1, ILTIZA', '012-9526476\n013-2016', 'teyha80@yahoo.com'),
(43, 'ARINA ZAHIRAH BT. M. HAIRUNNAJIB', '100608-16-0060', '9', '1', 'NO 50,JALAN SERI PUTRA 3/3,BAN', '012-3045450', 'najibsuli@gmail.com'),
(44, 'MUHAMMAD WAFIY FAHRI B. MOHD SUFIAN ', '090927-08-0117', '9', '1', 'NO. 18-3, JALAN SERI PUTRA 1/2', '019-3823494', 'juana_ahmad@yahoo.com'),
(45, 'W. DHIA ZAFIRAH BT. W. FANDI RENDRA', '101112-14-1354', '9', '1', 'NO. 18-3, JALAN SERI PUTRA 1/2', '019-3823494', 'juana_ahmad@yahoo.com'),
(46, 'AMER HURAIRAH B. KHAPIP', '05052801-0801', '9', '1', 'NO 22, JALAN BUKIT MAHKOTA 6/2', '011-11472518', 'tingkerbellzk@gmal.com'),
(47, 'ZHARIF MUSLIM B. KHAPIP', '61203-01-0823', '8', '1', 'NO 22, JALAN BUKIT MAHKOTA 6/2', '011-11472519', 'tingkerbellzk@gmal.com'),
(48, 'ABD. AZIZ MUAMMAR B. MUHAMMAD MUDDASIR', '101203-04-0321', '8', '1', 'NO. 18-3, JALAN SERI PUTRA 1/2', '019-3823494', 'juana_ahmad@yahoo.com'),
(49, 'IRIN SUFI BT. MOHAMAD FIRDAUS', '100526-10-1542', '8', '1', 'NO.33, JALAN BANGI AVENUE 7/17', '012-3447533', 'juana_ahmad@yahoo.com'),
(50, 'MAIMUNAH BT. BAHARUDDIN', '800903-01-5648', '8', '1', 'NO. 18-3, JALAN SERI PUTRA 1/2', '019-3823494', 'juana_ahmad@yahoo.com'),
(51, 'SITI HAJAR BT. ABU HASSAN', '	950423-14-6052', '8', '1', 'NO.3, JALAN MELOR 8D, DESA MEL', '017-2071043\n013-9634', 'hajarabuhassan@gmail.com'),
(52, 'FARIS RAMADHAN B. SUHARDI ', '100820-10-1391', '8', '1', 'NO 14 JALAN 15/3C SEK 15 BANDA', '019-6417386', 'iniza3@yahoo.com'),
(53, 'AIMAN ZAKWAN B. AHMAD REZAL', '070721-10-2001', '8', '1', 'NO.90, JALAN 9/4, BANDAR SERI ', '012-3160671\n012-3160', 'rosilawat_salleh@gmal.com'),
(54, 'MUHAMMAD HARITH BIN AKMAL', '110608-10-1449', '7', '1', 'NO.1, JALAN BM 6/9B, BANDAR BU', '019-2252493', 'juana_ahmad@yahoo.com'),
(55, 'MUHAMMAD ASYRAF B. NORADNAN', '050812-16-0313', '7', '1', 'NO. 18-3, JALAN SERI PUTRA 1/2', '019-3823494', 'juana_ahmad@yahoo.com'),
(56, 'IMAN ZARA SOFIA BT. HERMAN', '130727-10-2178', '7', '1', 'NO.17 LOT 1821, KAMPUNG KEMBON', '019-3464422', 'nordilaahmad1@gmail.com'),
(57, 'ZARA AMANI BT. MOHD FADZIL ', '110621-10-1224', '7', '1', 'NO. 18-3, JALAN SERI PUTRA 1/2', '019-3823494', 'juana_ahmad@yahoo.com'),
(58, 'MUHAMMAD ILMAN FAREEZ B. OTHMAN', '110128-10-1335', '7', '1', 'NO.16, JALAN 4/5L, FASA 4, 436', '016-3782373', 'juana_ahmad@yahoo.com'),
(59, 'NUR AISYA ZAHRA BINTI ABDULLAH', '130114-10-0516', '7', '1', '3, JALAN SASTERA 1/1, ILTIZAM ', '013-2016100\n012-9526', 'leyha80@yahoo.com'),
(60, 'IMAN ZAARA SOFIA BT HERMAN', '', '7', '1', 'NO.17 LOT 1821, KG SG KEMBONG ', '019-3464422', 'nordilaahmad1@gmail.com'),
(61, 'FIRDAUS SYAZANI BIN MOHD FADZIL', '100102-16-0063', '6', '1', 'NO.16, JALAN 1/3A, SEKSYEN 1, ', '013-2212661', 'shajar.ptm@gmail.com'),
(62, 'IMAN MUHAMMAD RIFFQY B. SAZLY', '101101-10-0303', '6', '1', 'NO 29,JALAN SERI PUTRA 2/4C,BA', '012-3632118\n012-3551', 'sal79.sa@gmail.com\\'),
(63, 'AFREEN AIMAN B. ABDUL RAHMAN', '001119-14-0241', '6', '1', 'NO.5, JALAN SERI PUTRA 3/A, BA', '013-3434005\n013-3413', 'afreenaiman.ahry@gmail.com'),
(64, 'FAIQ NUQMAN B. SHAMSULKAMAR', '081017-10-1279', '6', '1', 'NO. 18-3, JALAN SERI PUTRA 1/2', '019-3823494', 'juana_ahmad@yahoo.com'),
(65, 'EDLIN HANNAH BT. EDI FEROZ ', '100529-10-1396', '6', '1', 'NO.6, JALAN SERI PUTRA 3/P, BA', '013-6151717\n013-3459', 'juana_ahmad@yahoo.com'),
(66, 'NUR ALISHA HANA BT. NOOR AZAM', '080815-16-0180', '6', '1', 'NO.1 TAMAN IMPIAN PUTRA 4/1, T', '019-3767305\n019-7054', 'azam1795@yahoo.com'),
(67, 'AISYAH ZARA BT. SHAH NUR HAIZAM', '151122-10-0877', '5', '1', 'NO. 18-3, JALAN SERI PUTRA 1/2', '019-3823494', 'juana_ahmad@yahoo.com'),
(68, 'ADAM HAKIMI B. SHAH NUR HAIZAM', '100917-10-2278', '5', '1', 'NO. 18-3, JALAN SERI PUTRA 1/2', '019-3823494', 'juana_ahmad@yahoo.com'),
(69, 'AMMAR HARITH B. SHAH NUR HAIZAM', '041230-10-0367', '5', '', 'NO. 18-3, JALAN SERI PUTRA 1/2', '019-3823494', 'juana_ahmad@yahoo.com'),
(70, 'SUMAYYAH BT. ZULHISHAM', '090408-10-0251', '5', '1', 'NO .13, JALAN 3/M, BANDAR SERI', '019-2406484\n010-2261', 'makanansihat07@gmail.com'),
(71, 'AHMAD NABIL ZIKRI B. AHMAD ZAINURI', '100519-10-2088', '5', '1', 'NO.59, JALAN BM 6/6C, SEKSYEN ', '013-2798982\n012-2778', 'asnidazuliana@gmail.com'),
(72, 'KAISARA MARISSA BT. KAMARULZAMAN', '080227-10-0835', '5', '1', 'NO.31 ,JALAN CERDIK 1, TAMAN U', '019-6628676', 'kzaman@yahoo.com'),
(73, 'WAN DHIA ZAFRI B. WAN FANDI RENDRA(+2CLS)', '	120204-10-2014', '5', '', 'NO.11, JALAN BM 6/9B, SEKSYEN ', '019-2822766', 'juana_ahmad@yahoo.com'),
(74, 'NIK AISYAH ALYA BT. NIK MOHD YUSRI', '121110-14-0989', '5', '1', 'NO.5 JALAN SERI PUTRA 2/5, BAN', '012-6733787\n012-6108', 'juana_ahmad@yahoo.com'),
(75, 'MUHAMMAD FARIS IRFAN B. ZUL EFFANDY', '100108-10-2286', '5', '1', 'NO.37, JALAN 7/17, BANGI AVENU', '017-7220678\n010-4646', 'effandy83@gmail.com'),
(76, 'UMAR B. MOHD GHAZALI', '	101110-10-0049', '5', '1', 'NO 48, JALAN SERI PUTRA 6/4, B', '019-6625117\n012-2921', 'umrahman7@gmail.com'),
(77, 'NIK MARYAM SUFYA BT. NIK MOHD YUSRI', '111027-10-2392', '5', '', 'NO 5, JALAN SERI PUTRA 2/50, B', '012-6733187\n012-6108', 'juana_ahmad@yahoo.com'),
(78, 'NUR AIRIS HANA BT. NOOR AZAM', '	110225-16-0062', '5', '1', 'NO.1 TAMAN IMPIAN PUTRA 4/1, T', '019-3767305\n019-7054', 'azam1795@yahoo.com'),
(79, 'AARON ZULKARNAIN MANSOR', '091213-13-1175', '5', '1', 'NO.36, JALAN BANGI AVENUE 7/6,', '019-8148370\n019-8142', 'juana_ahmad@yahoo.com'),
(80, 'MUHAMMAD WAZIF FAHRI B. MOHD SUFIAN', '090927-08-0117', '5', '1', 'NO. 18-3, JALAN SERI PUTRA 1/2', '019-3823494', 'juana_ahmad@yahoo.com'),
(81, 'ANAS SUFYAN B ASRUL KAHIRI', '100818-14-1351', '5', '', '33,JLN SERENE 4,SERENE HEIGHT SEMENYIH', '012-5580607        012-6403914', ''),
(82, 'ADIBAH NUR ZAHRA BINTI ZULKIFLEE', '	131102-14-0216', '5', '1', '140, JALAN BM 6/2C, SEKSYEN 6, BANDAR BUKIT MAHKOTA, KAJANG, SELANGOR', '132080092', 'erdeywana@gmail.com'),
(83, 'WAN DHIA ZAFIRAH BT WAN FANDI RENDRA', '2147483647', '5', '1', 'NO.11, JALAN BM6/9B, SEKSYEN 6, BANDAR BUKIT MAHKOTA 43000 KAJANG, SELANGOR', '192622766', 'mbaharuddin69@gmail.com'),
(84, 'RAUDHAH HUMAIRA BT. MOHAMAD NAZRI', '120805', '5', '2', 'NO. 18-3, JALAN SERI PUTRA 1/2', '019-3823494', 'juana_ahmad@yahoo.com'),
(85, 'ZAHRATUL ALISHA BINTI MOHD FARID NAZMAN', '111122-10-1240', '4', '1', 'NO.27 , JALAN IMPIAN PUTRA 2/2 , TAMAN IMPIAN PUTRA , BANDAR SERI PUTRA , 43000 KAJANG , SELANGOR', '127620955', 'syila_azizan@yahoo.com'),
(86, 'LISA QAISARA BT. JOHARI', '091105-10-0208', '4', '1', 'NO 40, JALAN BUKIT MAHKOTA 5/2', '013-9034890', 'joharihashim@gmal.com'),
(87, 'MUHAMMAD DANISH B. MUHAMMAD NASHRIQ', '121116-14-0779', '4', '1', 'NO.93, JALAN BANGI VILLLA 8, T', '017-6677973\n019-7280', 'juana_ahmad@yahoo.com'),
(88, 'MUIZ MIFZAL B. HUSAIRY ', '130714-10-0077', '4', '1', 'NO.4 ,JALAN SERI PUTRA 2/22, B', '019-7557547\n019-7577', 'husaing.haron@gmail.com'),
(89, 'EMA ADRIEANNA HUMAIRA BT. SULAIMAN', '81106-10-0198', '4', '1', 'NO. 18-3, JALAN SERI PUTRA 1/2', '019-3823494', 'juana_ahmad@yahoo.com'),
(90, 'ASHRAF ISKANDAR B. SHAH NUR HAIZAM', '061011-10-1499', '4', '1', 'NO. 18-3, JALAN SERI PUTRA 1/2', '019-3823494', 'juana_ahmad@yahoo.com'),
(91, 'IMAN MUHAIMIN B. SHAMSUL ASRAF', '100726-14-0327', '4', '1', 'NO. 18-3, JALAN SERI PUTRA 1/2', '019-3823494', 'juana_ahmad@yahoo.com'),
(92, 'MUHAMMAD NAWAL AIMAN B. JOHARI', '120403-10-1575', '4', '1', 'NO 40, JALAN BUKIT MAHKOTA 5/2', '013-9034891', 'joharihashim@gmal.com'),
(93, 'NAURAH IMAN BINTI MOHD HELMI', '	140513-10-0870', '3', '1', 'NO 6 JALAN INDERA INDAH 1 TAMAN INDERA INDAH SUNGAI MERAB 43000 KAJANG, SELANGOR', '133431601', 'naurah@gmail.com'),
(94, 'MIA QAISARA BATRISYA BINTI SAIFULLAH', '	110819-08-0270', '3', '1', 'NO 72 JALAN BANGI AVENUE 1/6, TAMAN BANGI AVENUE 43000 KAJANG SELANGOR', '183551884', 'zyaridthsoffida1@gmail.com'),
(95, 'AQEEL KHUSAINI BIN MOHD HEIDIR', '110607-10-0663', '3', '1', 'LOT 47, JALAN KEBUN, KAMPUNG SUNGAI BUAH 43800 DENGKIL', '168651015', 'heidir_shah@yahoo.com'),
(96, 'MUHAMMAD MUAZ DANIEL B. MOHD. YUNUS', '	080914-06-0329', '3', '1', 'NO. 18-3, JALAN SERI PUTRA 1/2', '019-3823494', 'noradnan6795@gmail.com'),
(97, 'MUHAMMAD ASYRIQ B. NOR ADNAN', '121120-10-0593', '3', '1', '16-G, JALAN SERI PUTRA 2/5H, B', '016-6596742\n012-3950', ''),
(98, 'MIA QAISARA BATRISYIA BT.SAIFULLAH', '110819-08-0270', '3', '1', 'NO 72 JALAN BANGI AVENUE 1/6, ', '018-3552884', 'juana_ahmad@yahoo.com'),
(99, 'MUHAMMAD AREEL EAMAN B. MOHD FAIZAL', '	091111-10-0335', '3', '1', 'NO.11 JALAN SERI PUTRA 3/M ,BA', '013-3911192\n012-6719', 'juana_ahmad@yahoo.com'),
(100, 'MUHAMMAD DANIAL ARIQ B. MOHD FAIZAL', '131007-14-0605', '3', '1', 'NO.11 JALAN SERI PUTRA 3/M ,BA', '013-3911192\n012-6719', 'juana_ahmad@yahoo.com'),
(101, 'MUHAMMAD NAWFAL AMSYAR B. MOHD DALI', '	141003-10-1691', '3', '1', 'D-4-U PANGSAPUR SER MELATI , J', '012-4539571\n018-3555', 'juana_ahmad@yahoo.com'),
(102, 'RAISHATUL ALIYA BINTI MOHD FARID NAZMAN', '150723-10-0528', '3', '1', 'NO.27 , JALAN IMPIAN PUTRA 2/2 , TAMAN IMPIAN PUTRA', '127620955', 'syila_azizan@yahoo.com'),
(103, 'AHMAD IYAD NUFAIL B. AHMAD ZAINURI', '100504-10-2253', '2', '1', 'NO.59, JALAN BM 6/6C, SEKSYEN ', '013-2798982\n012-2778', 'asnidazuliana@gmail.com'),
(104, 'HARIZ IRFAN B. MOHD FAHMI', '130805-10-0611', '2', '1', 'NO 8, JALAN BANG AVENUE 16, TA', '012-3840001\n012-8282', 'farmiez@yahoo.com'),
(105, 'ZAID B. MOHD GHAZALI', '	130217-10-0607', '2', '1', 'NO 48, JALAN SERI PUTRA 6/4, B', '019-6625117\n012-2921', 'umrahman7@gmail.com'),
(106, 'MUHAMMAD ZHAHIR B. MOHD FAIZ REZA', '	110817101023', '2', '1', 'NO. 18-3, JALAN SERI PUTRA 1/2', '019-3823494', 'juana_ahmad@yahoo.com'),
(107, 'NURIN NADIAH BINTI MOHAMAD SHAH HIZAN', '071116-10-0352', '2', '1', 'KAMPUNG BATU 3 JALAN BANGI ,43', '010-3083727\n017-6339', 'sitizarah71@gmail.com'),
(108, 'MUHAMMAD ZHARIF B. MOHD FAIZ REZA', '100426-10-1211', '2', '1', 'C-2-2-6 PANGSAPURI KIARA COURT', '012-9129592\n017-3105', 'faz_iiu@gmail.com'),
(109, 'NURIN IRDINA BT. ABDUL ALIM', '100623-10-0138', '2', '1', 'NO 48, JALAN BUKIT MAHKOTA 5/1', '019-3132680\n018-2843', 'tzhanum@gmail.com'),
(110, 'KEISHA ADRIANA BT. KHAIRUL ADAM', '150313-10-1130', '2', '1', 'A-2-32 PANGSAPURI SERI MAWAR ', '019-3077346\n019-3077', 'Juilana.Hassim27@gmail.com'),
(111, 'SHARIFAH DHIA IRDINA BT. SYED FAIZUL HILMI', '121202-08-0426', '2', '1', 'NO.87 JALAN BUKT MAHKOTA, SEKS', '012-5838355\n012-5307', 'juana_ahmad@yahoo.com'),
(112, 'AMIRUL HAZIQ B. AZNIZAN', '', '2', '1', 'NO.26 ,JALAN 4/4D ,TAMAN IMPIA', '012-648019', 'hazamzila@gmal.com'),
(113, 'NIK ADLEENA BT. NIK NASRON', '100303-14-1272', '2', '1', 'NO 26, JALAN SERI PUTRA 2/3L, ', '016-3771154\n012-4941', 'yahyafazidah@gmail.com'),
(114, 'KHADEEJA ROSS BT. HAMSANI', '	150331-14-0184', '2', '1', 'NO 28 JALAN BANGI AVENUE 8/6, ', '018-2537869\n011-1177', 'sh.amira.ayuni@gmail.com'),
(115, 'MUHAMMAD HASIF B. KHAIREL ASWAD', '151023-05-0181', '2', '1', 'NO.14 JALAN SERI PUTRA 2/4A, B', '012-3859536\n012-6692', 'norzalina@upum.edu.com\nkhairel.aswad@gmail.com'),
(116, 'MAYA FARHANA BINTI MOHD FAHMI', '121125-10-1958', '2', '1', 'NO.56, JALAN 1/6, BANGI AVENUE', '012-7727856', 'fahmy_tpssb@yahoo.com'),
(117, 'MAYA FARISYA BINTI MOHD FAHMI', '	081116-06-0206', '2', '1', 'NO.56, JALAN 1/6, BANGI AVENUE', '012-7727856', 'fahmy_tpssb@yahoo.com'),
(118, 'MUHAMMAD THAQIF AFIQ BN MOHD TAHZIR', '140526-14-0855', '2', '1', 'NO.32 A, JALAN IMPIAN PUTRA 41', '012-3103510', 'norizan_123@gmail.com.my'),
(119, 'HANNAH UMAIRAH BT MOHD EZADDIN', '', '2', '1', 'NO. 13, JALAN SERI PUTRA 9/4, ', '012-2918737', 'natashafazili@yahoo.com'),
(120, 'ERYNA NUR IRIS BT ZUL EFFANDY', '130918-10-0132', '2', '1', 'NO.37, JALAN 7/17, BANGI AVENU', '017-7220678\n010-4646', 'effandy83@gmail.com'),
(121, 'MUHAMMAD HASIF BIN KHAIREL ASWAD', '	110330-14-0653', '2', '1', 'NO.14, JALAN SERI PUTRA 2/4A, ', '018-3859536\n012-6692', 'khairel.aswad@gmail.com'),
(122, 'DARWISY DURRANI BIN AMINUDDIN', '140120-10-0829', '2', '1', 'NO.48 JALAN IMPIAN PUTRA 4/4 T', '012-3519827\n019-3957', 'aminuddinjali@yahoo.com'),
(123, 'MUHAMMAD DANIAL BIN HASBULLAH', '170522-11-0269', '2', '1', 'NO.2,JALAN BM6/5B,BANDAR BUKIT MAHKOTA', '123003018', 'hasbullahr1@gmail.com'),
(124, 'MUHAMMAD ADIB BIN BAHTIAR', '150618-11-1014', '2', '1', 'B-1-6, VISTA SERI PUTRA, BANDAR SERI PUTRA, 43000 KAJANG, SELANGOR', '1128817794', 'hanie_58@yahoo.com'),
(125, 'NUR AINA BINTI BAHTIAR', '130704-10-1842', '2', '1', 'B-1-6, VISTA SERI PUTRA, BANDAR SERI PUTRA, 43000 KAJANG, SELANGOR', '1128817794', 'hanie_58@yahoo.com'),
(126, 'RUQAIYAH BINTI MOHD SHUKRI', '	17012-06-0466', '2', '1', 'NO 84 KG RINCHING HILIR, BANGI, KAJANG, SELANGOR', '102514511', 'shukrijz@gmail.com'),
(127, 'HANNAH UMAIRAH BT MOHD SYAWAL MUZZAMIL', '', '2', '1', '', '', ''),
(128, 'HARITH B MOHD AMIRUDDIN', '', '2', '1', '', '', ''),
(129, 'DHYA QISTINA BINTI ASMAHADI', '110331-11-0050', '2', '1', 'AR4-13-01, ALMYRA RESIDENSI LAMAN PUTERI 3, BANDAR PUTERI BANGI, 43000 KAJANG SELANGOR', '192498839', 'dhya@gmail.com'),
(130, 'DHYA QAISARA BINTI ASMAHADI', '140905-87-0014', '2', '1', 'AR4-B-01, ALMYRA RESIDENSI, LAMAN PUTERI 3,BANDAR PUTERI BANGI, 43000 KAJANG SELANGOR', '192498839', 'qaisara@gmail.com'),
(131, 'NUR ARISSA FAHIMAH BINTI RIDWAN', '131127-10-1192', '2', '1', 'NO. 43, JALAN TPS 2/3, TAMAN PELANGI SEMENYIH, 43500 SEMENYIH, SELANGOR ', '123772334', 'eyamira78@gmail.com'),
(132, 'MUHAMAD AQIL FARHAN BIN RIDWAN', '160325-10-0855', '2', '1', 'NO. 43, JALAN TPS 2/3, TAMAN PELANGI SEMENYIH, 43500 SEMENYIH, SELANGOR ', '123772334', 'eyamira78@gmail.com'),
(133, 'TIANA NASEYRA BT NASSRULHISYAM', '140801-14-0260', '2', '1', 'NO 24 JLN SRI PUTRA 3/L BANDAR SERI PUTRA ', '017-3251867', ''),
(134, 'NUR GHAIREEN NAJLAA BT FAIZAL', '150920-16-0220', '2', '1', 'NO 27 JLN 318 BANDAR SERI PUTRA ', '014-3382256', 'hadyai@gmail.com'),
(135, 'MUHAMMAD DANIAL BIN HASBULLAH', '2147483647', '2', '1', 'NO.2,JALAN BM6/5B,BANDAR BUKIT MAHKOTA', '123003018', 'hasbullahr1@gmail.com'),
(136, 'ARIZ SAIFAN B ASRUL KHAIRI', '1.61212E+11', '2', '1', '52,JLN KAJANG IMPIAN 2/9 ,TMN KAJANG IMPIAN', '012-5580607 012-6403914', ''),
(137, 'NAWAWI', '', '2', '1', '', '', ''),
(138, 'AHMAD FARIS ARYAN BIN AHMAD FAUZUL ADZIM', '2147483647', '2', '1', 'NO.5 JALAN BM 6/17B, SEKSYEN 6, BANDAR BUKIT MAHKOTA 43000 KAJANG SELANGOR', '132957551', 'edu4ummah@gmail.com'),
(139, 'NUR ARISSA NAIRA BINTI AHMAD FAUZUL ADZIM', '2147483647', '2', '1', 'NO.5 JALAN BM 6/17B, SEKSYEN 6, BANDAR BUKIT MAHKOTA 43000 KAJANG SELANGOR', '132957551', 'edu4ummah@gmail.com'),
(140, 'DANIAL BIN ABDULLAH', '140626-14-1249', '2', '1', 'NO.5 JALAN SERI PUTRA 4/3 BANDAR SERI PUTRA 43000 KAJANG SELANGOR', '193132386', 'ceciter105@gmail.com'),
(141, 'MUHAMMAD FAREEZ BIN KHAIRUL NIZAM', '170418-10-0693', '2', '1', '31 JALAN TSJ 11, TAMAN SRI JELOK 43000 KAJANG SELANGOR', '129196768', 'nuramirahali85@gmail.com'),
(142, 'nUR ARISSA FAHIMAH BINTI RIDWAN', '130407-06-0693', '2', '1', 'NO. 43, JALAN TPS 2/3, TAMAN PELANGI SEMENYIH, 43500 SEMENYIH, SELANGOR ', '123772334', 'eyamira78@gmail.com'),
(143, 'MUHAMAD AQIL FARHAN BIN RIDWAN', '2147483647', '2', '1', 'NO. 43, JALAN TPS 2/3, TAMAN PELANGI SEMENYIH, 43500 SEMENYIH, SELANGOR ', '123772334', 'eyamira78@gmail.com'),
(144, 'ADIL SAFWAN B ASRUL KHAIRI', '130126-10-1663', '2', '1', '33,JLN SERENE 4,SERENE HEIGHT SEMENYIH', '012-5580607        012-6403914', ''),
(145, 'MUHAMMAD ZAYN MALIK BIN MOHAMMAD AZRAI', '', '1', '1', 'NO.42 JALAN PUTERI 5E/2, BANDAR PUTERI BANGI', '193798684', 'adilaazlan@gmail.com'),
(146, 'ABID RAYYAN MUKRISH B ZAREN MUKRISH ', '130126-10-1663', '1', '1', 'NO1 JLN IMPIAN PUTRA 4/2D,TAMAN IMPIAN PUTRA', '013-6949659', ''),
(147, ' DHIA SYARAFANA BT SHAMSUL AFFENDI', '', '1', '1', 'NO,7 JLN 6,RUMAH PKNS SEMENYIH, BATU 1/2 JLN BANGI ', '019-2633871 019-2083005', 'dhialicious2017@yahoo.com'),
(148, 'MARSYA SOFIA BT KAMARUDIN', '140930-10-0820', '1', '1', 'D-1-1 RESIDENSI ADELIA,TMN BANGI AVENUE ', '019-6129313 012-7431617', 'kamarudin.ramli@gmail.com'),
(149, 'AHMAD MUQRI NORDIN', '161029-09-0159', '1', '1', '21,JLN BM 5/19,SEKSYEN 5,BDR BUKIT MAHKOTA ', '013-2447744 019-3032000', ''),
(150, 'MUHAMMAD RAIHAN NASAIE BIN RHEMI IZWAN', '150218-05-0435', '1', '1', 'B2-2-9,PUTRA 1 APARTMENT,PERSIARAN SERI PUTRA 2,BANDAR SERI PUTRA', '012-4017207  019-4133200', 'rhemiizwan_mazmi@hotmail.com'),
(151, 'NUR ERDINA WAFIYAH BT SHAHRIZAN HAYAZI', '140705-10-0242', '1', '1', 'NO7,JLN BANGI AVENUE 6/3,BANGI AVENUE 2', '017-6675057', 'hasrina@yahoo.com'),
(152, 'RAHMAN', '', '1', '1', '', '', ''),
(153, 'DEEPSHIKA A/P N.SUTHARSANA', '150623-10-2534', '1', '1', '29.JLN NADAYU 1/2 TMN NADAYU 92,KAJANG', '017-2931015', ''),
(154, 'SAISHRIKA A/P N.SUTHARSANA', '091128-10-0374', '1', '1', '29.JLN NADAYU 1/2 TMN NADAYU 92,KAJANG', '017-2931015', ''),
(155, 'SAYANTHIKA A/P N.SUTHARSANA', '131024-14-1546', '1', '1', '29.JLN NADAYU 1/2 TMN NADAYU 92,KAJANG', '017-2931015', ''),
(156, 'MUHAMMAD HARITH DANIYAL BIN MOHD SHAIFUL SHAFUAN', '131103-10-1171', '1', '1', 'NO.5 JLN IMPIAN PUTRA 4/1,TMN IMPIAN PUTRA ', '018-8737664  018-2258227', 'harithdaniyal13@gmail.com'),
(157, 'NUR HAWNA DANINA BT MOHD SHAIFUL SHAFUAN', '1511030-16-0012', '1', '1', 'NO.5 JLN IMPIAN PUTRA 4/1,TMN IMPIAN PUTRA', '018-8737664  018-2258227', 'hawnadanina15@gmail.com'),
(158, 'AHMAD ATIF RAYHAN ', '180527-10-0675', '1', '1', '25.JLN TSJ 11,TAMAN SRI JELOU,KAJANG', '', 'syahirah0611@gmail.com'),
(159, 'MUHAMMAD ADAM DAIM B. MUHAYMIN MUIZ', '150823-03-0475', '1', '1', 'AR3-13-07,almyra residens laman puteri 3,bandar baru bangi ', '013-9318006 014-5070568', 'wnstazwanieml@gmail.com'),
(160, 'SORAYA MEA IZZATI BT ZAIRAFFI', '120901-10-0786', '1', '1', 'NO18,JLN SERI PUTRA 2/4D,BANDAR SERI PUTRA', '012-2046772 012-3765277', ''),
(161, 'NURUL SYUHADA BT SYAHRIZAL', '140917-14-0676', '1', '1', '11,JLN SERI PUTA 2/2J,PUTRA LEGUNDI RESIDENSI,BANDAR SERI PUTRA', '019-9153678 013-3962587', 'rizalt@gmail.com'),
(162, 'LUQMAN HARITH B MUHAMMAD ZULFADHLI', '150331-10-2073', '1', '1', '68,JLN SERI PUTRA 3/9,BANDAR SERI PUTRA', ' 013-2817100 019-4411985', 'datopie@yahoo.com'),
(163, 'NUR ALYA BT MUHAMMAD ARIF', '131112-03-0790', '1', '1', 'A-11-08 PANGSAPURI PUTRA,TMN PUTRA IMPIAN BANDAR SERI PUTRA', '016-4025320      016-2625574', 'faridatulakhmar@gmail.com'),
(164, 'ADAM MUQRI', '', '1', '1', '', '', ''),
(165, 'EIZAZ', '', '1', '1', '', '', ''),
(166, 'NURUL ALIYAH BT M KAMIL', '101231-10-1136', '1', '1', 'LOT 9A4,KAMPUNG BATU 5 JALAN BAGI', '013-2300798 018-2886859', 'mkamil1986@gmail.com'),
(167, 'BALQIS ADZRA ELYA BT M. FAIRUZ', '170310-10-1336', '1', '1', 'NO2,JLN SP10/15,BANDAR SAUJANA PUTRA JENDERAM', '016-2156243', ''),
(168, 'NUR FATHIYA HUMAIRA BT MOHD HAFIZ', '', '1', '1', 'AR 04-16-03,ALMYRA RESIDENCE,JLN LAMAN PUTERI 3,BANDAR PUTERI BANGI', '013-3943579 019-6794926', ''),
(169, 'NUR IZZ ZARA ALISHA BT MOHD ZUL HUSNI', '14112-14-0828', '1', '1', '', '012-6140123 012-6270035', ''),
(170, 'AMMAR FAQIHI B.M.HAFIZZUDIN', 'B-15-6, TAMAN PUTRA IMPIAN', '1', '1', '', '019-3662076', ''),
(171, 'ARINA HUMAIRA BT MOHD ASZAHRY', '150117-10-0800', '1', '1', 'A-5-5,PUNCAK HIJAUAN,JLN PINTAR,TAMAN UNIVERSITI KAJANG', '014-9669107 013-2942739', 'salwasani76@gmail.com'),
(172, 'ALESYA AZZAHRA BT MOHD ASZAHRY', '170527-10-1724', '1', '1', 'A-5-5,PUNCAK HIJAUAN,JLN PINTAR,TAMAN UNIVERSITI KAJANG', '014-9669107 013-2942739', 'salwasani76@gmail.com'),
(173, 'ERYNA ADELIA BT LUKMAN HAKIM', '13080-10-1556', '1', '1', '5,JLN SERI PUTRA 3/M,BANDAR SERI PUTRA ', '017-6278224', 'umimi1313@gmail.com'),
(174, 'ELYNA AISYA BT LUKMAN HAKIM', '160229-10-0484', '1', '1', '5,JLN SERI PUTRA 3/M,BANDAR SERI PUTRA ', '017-6278224', 'umimi1313@gmail.com'),
(175, 'PUTERI NUR ALEESHA  BT MUHAMMAD FAIRUS', '160531-10-0602', '1', '1', '63,JLN BM 6/2B,SEKSYEN 6,BUKIT MAHKOTA', '019-2832484', ''),
(176, 'PUTERA MUHAMMAD AKMAL ELMI B MUHAMMAD FAIRUS', '040121-10-0689', '1', '1', '63,JLN BM 6/2B,SEKSYEN 6,BUKIT MAHKOTA', '019-2832484', ''),
(177, 'MUHAMMAD NAIMUDDIN B MOHD NAZARUDIN', '100721-14-0299', '1', '1', '2,JLN SERI PUTRA 9/2 BANDAR SERI PUTRA', '019-3329825', 'asmaabdullah76@gmail.com'),
(178, 'FAATIMAH AALIYAH BT KHAIRUL AZMIR', '110212-16-0098', '1', '1', '27,JLN BANGI AVENUE 6/9,TMN BANGI AVENUE', '012-2213480      012-2213485', 'khaa007@gmail.com'),
(179, 'RUQAYYAH SAFIYYAH BT KHAIRUL AZMIR', '140205-14-0678', '1', '1', '27,JLN BANGI AVENUE 6/9,TMN BANGI AVENUE', '012-2213480      012-2213485', 'khaa007@gmail.com'),
(180, 'AISYAH MARDHIATUL HAFIYYA BT AHMAD LUQMANUL', '140221-10-1708', '1', '1', '6,JALAN BANGI AVENUE 7/12,TAMAN BANGI AVENUE ', '019-6649872        019-6659872', 'sitinorokiah27@gmail'),
(181, 'ATHIAYYAH MARDHIATUL HAFIYYA BT AHMAD LUQMANUL', '160926-16-0124', '1', '1', '6,JALAN BANGI AVENUE 7/12,TAMAN BANGI AVENUE ', '019-6649872        019-6659872', 'sitinorokiah27@gmail'),
(182, 'MUHAMMAD ALIF RAMADHAN B MUHAMMAD ARIF', '170529-03-0595', '1', '1', 'A-11-08 PANGSAPURI PUTRA,TMN PUTRA IMPIAN BANDAR SERI PUTRA', '016-4025320      016-2625574', 'faridatulakhmar@gmail.com'),
(183, 'MUHAMMAD SHAMEER ZUHAIDI B. MOHD HADI', '151008-10-1315', '1', '1', '10,LOT 777,LORONG AZMAN SHAMSUDDIN,KAMPUNG BATU 5 JALAN BANGI SEMENYIH', '016-2370240', ''),
(184, 'MUHAMMAD ATO\'ILLAH B M.NOORIKHWAN', '100226-10-0273', '1', '1', 'D-G-3 VISTA SERI PUTRA APT,JLN SERI PUTRA 2/3, BANDAR SERI PUTRA', '019-2360477 017-3771207', 'ummunailah.mamainas@gmail.com'),
(185, 'MUHAMMAD ARSALN B M. NOORIKHWAN', '150312-10-2449', '1', '1', 'D-G-3 VISTA SERI PUTRA APT,JLN SERI PUTRA 2/3, BANDAR SERI PUTRA', '019-2360477 017-3771207', 'ummunailah.mamainas@gmail.com'),
(186, 'UMAR AFIF BT KHAIRUL AZMIR ', '080229-87-0059', '1', '1', '27,JLN BANGI AVENUE 6/9,TMN BANGI AVENUE', '012-2213480      012-2213485', 'khaa007@gmail.com'),
(187, 'IMAN NUR \'IRDINA BT AHMAD FAHMI', '061030-02-1232', '1', '1', '6.JLN SERI PUTRA 2/3 BANDAR SERI PUTRA KJANG SELANGOR', '018-2030130', ''),
(188, 'MARDHIAH BT MOHD FAIZ', '121113-11-0160', '1', '1', 'RESIDEN LAMBAIAN DUA,43000 SELANGOR', '018-2438817', 'faiz_mzhr@outlook.com'),
(189, 'MUADZ B MOHD FAIZ', '141220-11-0041', '1', '1', 'RESIDEN LAMBAIAN DUA,43000 SELANGOR', '018-2438817', 'faiz_mzhr@outlook.com'),
(190, 'AMIR AIREEZ B. KHAIRUL AZREEM', '', '1', '1', 'NO. 50, JALAN SERI PUTRA 3/9, BANDAR SERI PUTRA, 43000 KAJANG, SELANGOR ', '193823494', 'juana_ahmad@yahoo.com'),
(191, 'NUR AMANDA SOFIA BINTI MUHAMAD MUAZ', '', '1', '1', '42, JALAN SERI PUTRA 2/4A, BANDAR SERI PUTRA, 43000 KAJANG, SELANGOR', '129751545', 'jkamarulzaman.ju@gmail.com'),
(192, 'SURAYAH BINTI SAHIPIN ', '', '1', '1', 'BANDAR BUKIT MAHKOTA, 43000 KAJANG, SELANGOR', '1127236806', 'yayang880611@gmail.com'),
(193, 'DZAAKIR LAAIQ MUHAMAD TAUFIK', '', '1', '1', 'NO.12, JALAN BM6/15B, SEKSYEN 6 BUKIT MAHKOTA 43000 KAJANG SELANGOR', '192105787', 'queen_fuzz@yahoo.com'),
(194, 'DAIHYAH LAUZAH MUHAMAD TAUFIK', '', '1', '1', 'NO.12, JALAN BM6/15B, SEKSYEN 6 BUKIT MAHKOTA 43000 KAJANG SELANGOR', '192105787', 'taufik_fuzz@yahoo.com'),
(195, 'NUR \'UFAIRAH BT AZMI', '140320-10-1076', '1', '1', '59,JLN LAMAN DEFLINA 1/11,LMN DEFLINA,NILAI IMPIAN NS', '017-2802651     017-9847547', 'azmim2011@gmail.com'),
(196, 'AFFAN B AZMI', '16060-10-1099', '1', '1', '59,JLN LAMAN DEFLINA 1/11,LMN DEFLINA,NILAI IMPIAN NS', '017-2802651     017-9847547', 'azmim2011@gmail.com'),
(197, 'NUR NAJWA HUMYRA BT MOHD HAIRUDDIN', '070802-14-1088', '1', '1', 'TERRESCE,19,JLN PUTERI 5B/2,BANDAR BARU PUTERI BANGI KAJANG', '012-2998010', 'nur.nilawati@gmail.com'),
(198, 'NUR QISTINA BATRISYA', '', '', '1', '', '', ''),
(199, 'DAMIA LUTFIAH BINTI MUHAMAD TAUFIK', '', '1', '1', 'NO.12, JALAN BM6/15B, SEKSYEN 6 BUKIT MAHKOTA 43000 KAJANG SELANGOR', '192105787', 'queen_fuzz@yahoo.com'),
(200, 'NABIL HASIFF BIN NOR HAZMAN', '', '1', '1', 'NO.3 JALAN IMPIAN PUTRA 4/2C, ', '016-7229677\n016-7789', 'juendoublez@gmail.com'),
(201, 'MUHAMMAD FURQAN BIN ZULKIFLI', '', '1', '1', 'NO. 10 JALAN LESTARI MEWAH 2, ', '012-9128060\n017-6323', 'mjzulkifli@gmail.com'),
(202, 'MUHAMMAD AL-FATEH BIN RAMLI', '', '1', '1', ' 8, JALAN BM 6/78, SEKSYEN 6, ', '03-89229143\n019-2837', 'salhah@usim.edu.my'),
(203, 'AHMAD ZAYD HARITH B.KAMARUZAMAN', '', '1', '1', 'NO. 18-3, JALAN SERI PUTRA 1/2', '019-3823494', 'juana_ahmad@yahoo.com'),
(204, 'KHADIJAH HAMANI BT KHAIREL ASWAD', '', '1', '1', 'NO.14 JALAN SERI PUTRA 2/4A, B', '012-6692735\n012-3859', 'norzalina@upum.edu.com\nkhairel.aswad@gmail.com'),
(205, 'AMMAR ZIA BIN RASHIDEE', '', '1', '1', 'NO.45 JALAN BANG AVENUE 6/4, T', '016-5000463\n016-5000', 'noraqilah@gmail.com'),
(206, 'MUHAMMAD AYDIN ZIHNEE BIN MUHD SHAH REEZAL', '', '1', '1', '2A, JALAN SERENE 1/4, SERENE H', '012-2568238\n012-2022', 'asidah5@gmail.com'),
(207, 'MUHAMMAD QALEEF ISZHAM BIN ZUL IZZI', '', '1', '1', 'NO.54,JALAN IMPAN PUTRA 3/7,IM', '019-3555940\n01928447', 'muslha1zz1@gmail.com '),
(208, 'MUHAMMAD QHALISH IMAN BIN ZUL IZZI', '', '1', '1', 'NO.54,JALAN IMPAN PUTRA 3/7,IM', '019-3555940\n01928447', 'muslha1zz1@gmail.com '),
(209, 'ADLEA ZARA BINTI AHMAD REDHA', '', '1', '1', 'NO.2 JALAN SAUJANA 3/1 TAMAN DESA SAUJANA, 43000 KAJANG, SELANGOR', '134886060', 'reda_qs@yahoo.com'),
(210, 'MUHAMMAD THAQIF BIN NORAZIZ', '', '1', '1', 'NO.194, JALAN LAMAN KENANGA 3/4, NILAI IMPIAN, 71800 NILAI, NEGERI SEMBILAN', '129059085', 'iliaziz424@gmail.com'),
(211, 'AHMAD RAID AYMAN BIN AHMAD REDHA', '', '1', '1', 'NO.2 JALAN SAUJANA 3/1 TAMAN DESA SAUJANA, 43000 KAJANG, SELANGOR', '134886060', 'reda_qs@yahoo.com'),
(212, 'MOHD UZAYR BIN MOHD AFIF AFNAN', '', '1', '1', 'NO. 15 JALAN SAUJANA SEKATA 3/2, TAMAN SAUJANA SEKATA, SUNGAI MERAB 43000 KAJANG', '145414314', 'uzayr@gmail.com'),
(213, 'KHADIJAH GULSUM YILMAZ', '', '1', '1', '32 JALAN IMPIAN PUTRA 2/5, TAMAN IMPIAN PUTRA 43000 KAJANG, SELANGOR', '122716560', 'itaramli@ukm.edu.my'),
(214, 'DELISHA RIANA LEE BINTI ANTON', '', '1', '1', 'NO 23 JALAN 4/12D SEKSYEN 4 TAMBAHAN BANDAR BARU BANGI', '129268621', 'twinklight_zhye@yahoo.com'),
(215, 'DANISH LEE BIN ANTON', '', '1', '1', 'NO 23 JALAN 4/12D SEKSYEN 4 TAMBAHAN 43650 BANDAR BARU BANGI', '129268621', 'twinklight_zhye@yahoo.com'),
(216, 'SHAMILAH IZZ SYAHIRAH ABDUL RAHMAN', '', '1', '1', 'A-25-01, DALMYRA RESIDENCE, LAMAN PUTERI 3, BANDAR PUTERI BANGI, 43000 KAJANG SELANGOR', '197711185', 'nurizdihar_85@yahoo.com'),
(217, 'WAN ASYFAQ BIN WAN MOHD FAHEEM', '', '1', '1', 'NO. 55 JALAN SERI PUTRA 6/3, BANDAR SERI PUTRA 43000 KAJANG SELANGOR', '133721327', 'mohdfaheemlife@gmail.com'),
(218, 'MUHAMMAD RAZAK FERHAD MOHD AZHAN', '', '1', '1', 'NO.49 JALAN BA 1/7, BANGI AVENUE 43000 KAJANG SELANGOR', '192368230', 'ni_ik84@yahoo.com'),
(219, 'MIA ZARA ALEESA BINTI SAIFULLAH', '', '1', '1', 'NO 72 JALAN BANGI AVENUE 1/6, TAMAN BANGI AVENUE 43000 KAJANG SELANGOR', '183551884', 'zyaridthsoffida1@gmail.com'),
(220, 'NIK ALISYA BINTI ISMAIL', '', '1', '1', 'NO.38  JALAN SERI PUTRA 4/5, B', '017-3756522', 'nikadira@gmail.com'),
(221, 'WAN AZRA NURHANA BINTI WAN MUHAMMAD', '', '1', '1', 'NO.2A , JALAN SERI PUTRA 7/5, ', '019-3416225', 'Hudaazaman@gmail.com'),
(222, 'MUHAMMAD DANISH ANIQ BIN FAIMA ALFWA', '', '1', '1', 'NO.12 A, JALAN IMPIAN PUTRA 3/', '013-3932718', 'juana_ahmad@yahoo.com'),
(223, 'HANISAH SYAHIRAH BINTI SAHRON', '', '1', '1', 'NO.12, JALAN BM 6/15A BANDAR B', '019-2400503\n017-7052', 'ainyahya@gmail.com'),
(224, 'ADAM HARITH SHAFIY BIN AHMAD HAZMI YAZMIN', '', '1', '1', 'NO.5, JALAN SERI PUTRA 2/37, 4', '07-89122229\n012-2454', 'ahmadhazmiyazmin@gmail.com'),
(225, 'MUHAMMAD ASYAR HAFIZ BIN MAZLAN ', '', '1', '1', 'NO.24, JALAN SERI PUTRA 3/D, B', '013-8370977\n019-2630', 'hatiahidrawatijamil@gmail.com'),
(226, 'NUR AISYAH BINTI ANUAR', '', '1', '1', 'D-2 KUARTERS KLINIK KESIHATAN ', '019-3116293', 'n.aisyahanuar@gmail.com'),
(227, 'RAZEIN ZAFFRI B. SUHAIMI', '', '1', '1', 'NO. 8, JALAN SERI PUTRA, 9/2 B', '019-2547785\n019-3547', 'suhaimies@gmail.com'),
(228, 'DZAKIRA AFTANI BT ANJAS ASMARA', '', '1', '1', 'NO. 48, JALAN SERI PUTRA 2/3C,', '016-6636426\n016-2026', 'juana_ahmad@yahoo.com'),
(229, 'MAHIRAH AISYAH', '', '1', '1', 'NO. 4, JALAN SERI PUTRA 2/2C, ', '019-7557547', 'husairy.haron@gmail.com'),
(230, 'NUR HANA INSYIRAH ISA AZZAKI', '', '1', '1', 'B15-14 VESTA VIEW APARTMENT BA', '019-3221243', 'aliaazzaki@gmail.com'),
(231, 'AAKIF ZAHIN BIN SHAMSUL KAMAL', '', '1', '1', 'NO.8, JALAN IMPIAN PUTRA, 3/8 ', '013-6645816', 'achoiamird@gmail.com'),
(232, 'IZZAT IZZUDDIN BIN MD AZMI', '', '1', '1', ' C-2-23, BLOK C, APARTMENT NUR', '013-7066045\n012-7604', 'juana_ahmad@yahoo.com'),
(233, 'SUFIYAH HUMAYRAH BT NU MAN', '', '1', '1', '8, JALAN BANGI AVENUE 7/11, TA', '013-7709645\n017-2551', 'juana_ahmad@yahoo.com'),
(234, 'MARYAM FASEEHAH BT NU MAN', '', '1', '1', '8, JALAN BANGI AVENUE 7/11, TA', '013-7709645\n017-2551', 'juana_ahmad@yahoo.com'),
(235, 'KHAULAH NASUHA BT NU MAN', '', '1', '1', '8, JALAN BANGI AVENUE 7/11, TA', '013-7709645\n017-2551', 'juana_ahmad@yahoo.com'),
(236, 'ADAM HARITH BIN AIMANNUDIN', '', '1', '1', ' NO.56 JALAN JM 2A, TAMAN JEND', '019-2789107\n019-2719', 'nora.aba@gmail.com'),
(237, 'ARISSA QAISARA BINTI AIMANNUDIN', '', '1', '1', ' NO.56 JALAN JM 2A, TAMAN JEND', '019-2789107\n019-2719', 'nora.aba@gmail.com'),
(238, 'EMA AZZALEIA SULAIMAN', '', '1', '1', '26, JALAN BM 1/3, SEKSYEN 1, B', '017-3660466', 'juana_ahmad@yahoo.com'),
(239, 'FIROSYA NURIMAN BINTI MOHAMAD FAISAL', '', '1', '1', 'NO.78 JALAN BM 6/6C, SEKSYEN 6', '013-2895400\n017-6025', 'sharinhaslin@gmail.com'),
(240, 'NUR WAFAA SOFEA BT MOHD SUFIAN', '', '1', '1', 'NO.61 JALAN SERI PUTRA 2/3C BA', '019-9461938 ', 'supiyan@gmail.com'),
(241, 'NUFAIL HAZEEM BIN NOR HAZZWAN', '', '1', '1', 'NO.3 JALAN IMPIAN PUTRA 4/2C, ', '016-7229677\n016-7789', 'juendoublez@gmail.com'),
(242, 'AMMAR IRSYAD BIN ALEFEE', '', '1', '1', 'NO.56, JALAN BM 6/10A, SEKSYEN', '017-2726229\n017-2279', 'juana_ahmad@yahoo.com'),
(243, 'MOHAMAD HARRAZ BIN MOHAMAD ROZAWARI', '', '1', '1', 'NO.46, JALAN MAHKOTA 6, BANDAR', '012-2767591\n013-3402', 'e_nur25@yahoo.com'),
(244, 'MOHAMAD FARIS BIN MOHAMAD ROZAWARI', '', '1', '1', 'NO.46, JALAN MAHKOTA 6, BANDAR', '012-2767591\n013-3402', 'e_nur25@yahoo.com'),
(245, 'ZAIYANI UMAYYAD BIN ZULKARNAIN AFFANDI', '', '1', '1', 'BLOK E-UG-6 VISTA SERI PUTRA, BANDAR SERI PUTRA 43000 KAJANG SELANGOR ', '137715212', 'energizingwellness@gmail.com'),
(246, 'MOHAMAD AFIQ DANIAL BIN MOHAMAD AFIF', '', '1', '1', 'NO. 22A, JALAN 7/4, TAMAN BANGI AVENUE, 43000 KAJANG, SELANGOR ', '138100315', 'syazwana.swan@gmail.com'),
(247, 'AMIRAH HANNAH BINTI AZNIZAN', '', '1', '1', 'NO.26 , JLN 4/4D , TAMAN IMPIAN PUTRA ,43000 KAJANG , SELANGOR', '126448019', 'hazamzila@gmail.com'),
(248, 'MIKAIL ADHA BIN ZULFIKA', '', '1', '1', 'E-11-8 , BLOCK E , PANGSAPURI PUTRA IMPIAN , TAMAN PUTRA IMPIAN , 43000 KAJANG , SELANGOR', '132367237', 'zulfikaarsad@gmail.com'),
(249, 'HANA ALISHA BT MOHD AFIF', '', '1', '1', '17 JALAN SERENE 4/3, SERENE HEIGHTS, 43500 SEMENYIH', '107761573', 'alishaafif@gmail.com'),
(250, 'M. FARISH BIN KHAIRUL NIZAM', '', '1', '1', '', '', ''),
(251, 'DARWISH ASYRAAF HARITH B. MOHD RUSLI', '', '1', '1', '10,JLN SERI PUTRA 3/2,BANDAR SERI PUTRA KAJANG', '016-3584249    013-9991888', 'faizah_shahudin@yahoo.co.uk'),
(252, 'HAMZAH B MUHAMMAD \'IMRAN', '181207-10-1331', '1', '1', 'B5-4-11,APARTMENT PUTRA 1 BSP', '013-6691084', 'hanismiskandar@gmail.com'),
(253, 'MUHAMMAD AUS MUKHRIZ B MOHD AZUWAN', '161122-10-3225', '1', '1', 'LOT1180-E JLN HAJI HUSIN KG RINCHING HILIR ', '012-2522879', 'murni_hassan@yahoo.com'),
(254, 'YUSUF B HANAFI', '110319-06-0337', '10', '1', 'NO6,JLN BANGI AVENUE 7/14,TAMAN BANGI AVENUE', '017-6296637       017-6296631', 'basri.hanafi@gamil.com'),
(255, '', '', '', '', '', '', ''),
(256, 'MARYAM MARISSA BINTI AHMAD NASRULLAH', '150126-10-1928', '1', '4', '014-8444332      014-8624719', 'nasrullahabdullahsani@gmail.com', ''),
(257, 'MUADZ RADZIQ BIN MUHD NURIZMAN ', '', '1', '4', '', '', ''),
(258, 'ADEENA SAFIYYAH ‘AFIF', '', '1', '4', '', '', ''),
(259, 'Al Hafiy husaini bin mohd affandi ', '150311-16-0217', '1', '4', '', 'puteraariffandi@gmail.com', ''),
(260, 'NUHA ZAHIRA BINTI MUHAMMAD FAUZI', '150903-10-0808', '1', '4', '012-4717473     016-2030984', 'm.fauzi@live.com.my', ''),
(261, 'ADAM IKHWAN BIN MOHAMMED SIDDIQUI', '', '1', '4', '', '', ''),
(262, 'Putri nur irdina', '', '1', '4', '', '', ''),
(263, 'Nuha Zahira Binti Muhammad Fauzi', '', '1', '4', '', '', ''),
(264, 'Ana Qonitah binti Muhd Azrul Iskandar', '151231-14-0616', '1', '4', '013-3502964', 'nurliyana.tan@gmail.com', ''),
(265, 'Uthman Affan Bin Aidil', '150721-06-0753', '1', '4', '012-2705126       019-2867120', 'farahbaharudin82@gmail.com', ''),
(266, 'ALEEYA AFIFAH BINTI HASHIM', '150901-10-0484', '1', '4', '013-3490051                012-3074764', 'hmomad1006@yahoo.com', ''),
(267, 'Muhammad Hafidh Furqan Bin Muhammad Hamiduddin', '', '1', '4', '', '', ''),
(268, 'PUTERI SARAH RANIA BINTI MUHAMMAD HAMIDI', '', '1', '4', '', '', ''),
(269, 'Noah Syafeeq bin Syarmizal', '', '1', '4', '', '', ''),
(270, 'Zulkays Fateh Bin Mohd zulkarnainsam', '', '1', '4', '', '', ''),
(271, 'Muhammad Ammar Bin Ahnaf Rushdi', '', '1', '4', '', '', ''),
(272, 'NUHA ARISSA BT MUHAMAD ', '150616-03-0210', '1', '4', '019-422-1787       011-10821787', '', ''),
(273, 'Muhammad Hakeem Ahnaf', '', '1', '4', '', '', ''),
(274, 'RIZQ AYRA ISABELLE BINTI NORASMADI', '', '1', '4', '', '', ''),
(275, 'Intan nurjannah binti zaidi', '', '1', '4', '', '', ''),
(276, 'SOFEA BT MOHD FARID FAISAL', '150604-10-0090', '1', '4', '019-20781258', 'mfaridfaisal@gmail.com', ''),
(277, 'AHMAD ADHAM BIN ZAIDIN ', '151009-16-0229', '1', '4', '013-673763     013-3697963', 'jedin6190@gmail.com', ''),
(278, 'Asma\' Sofiyyah binti Muhammad Hakim', '', '1', '4', '', '', ''),
(279, 'JUWAIRIYYAH BINTI AB RAHMAN', '', '1', '4', '', '', ''),
(280, 'Muhammad Rayyan Rizqi b Azizul', '', '1', '4', '019-55101216', 'balqisjasmin@yahoo.com', ''),
(281, 'Muhamad Azfar Khalish bin Muhamad Khairi', '150427-14-0779', '1', '4', '019-3212993         019-2180979', 'mkkmseppukm.ukm.edu.my', ''),
(282, 'Muhammad Mu\'min Bin Muhammad Zulhaziman ', '', '1', '4', '', '', ''),
(283, 'Deena Isyqina Binti Zulkafli ', '150309-10-2758', '1', '4', '019-2483622', 'nosyais84@gmail.com', ''),
(284, 'SOFEA BT MOHD FARID FAISAL', '', '1', '4', '', '', ''),
(285, 'Deena Isyqina Binti Zulkafli ', '', '1', '4', '', '', ''),
(286, 'MUHAMMAD SALAHUDDIN AL AYUBI BIN MOHD NUR HISHAM', '', '1', '4', '', '', ''),
(287, 'Raisya Medina Binti Muhammad Rafiq', '', '1', '4', '', '', ''),
(288, 'EZARA ARISSA', '', '1', '4', '', '', ''),
(289, 'Sayf Amjad bin Ahmad Shauqi', '140820-87-0015', '1', '4', '010-4030410     0104010410', 'syauqi.derotees@gmail.com', ''),
(290, 'Muhammad Affan Hafiy bin Mohd Hedzir', '14059-10-0855', '1', '4', '013-3813316            017-6856108', '', ''),
(291, 'Muhammad Ammar Iskandar bin Mohd Farhan', '140830-14-0243', '1', '4', '013-6677112     012-9944112', 'farhan.ghani@live.com', ''),
(292, 'Danish Iskandar Bin Zulkafli ', '140411-10-1493', '1', '4', '019-2483622', 'nosyais84@gmail.com', ''),
(293, 'Airis Sofea binti Azman', '', '1', '4', '', '', ''),
(294, 'Danish Iskandar Bin Zulkafli ', '', '1', '4', '', '', ''),
(295, 'Ahmad Ammar Rifa\'i bin Khairul Azmi', '141217-10-1849', '1', '4', '019-2747678 019-2678587', 'hasyikin05@gmail.com', ''),
(296, 'Iman Faaeq bin Mohd Azrul', '140911-01-0253', '1', '4', '010-3665994', 'azrul0803@gmail.com', ''),
(297, 'Shifa hannan imani binti syawal fahmi', '140926-14-1240', '1', '4', '012-3596985   012-6542651', 'shawalfahmimohamed@gmail.com', ''),
(298, 'Ahmad Aisy Waseem Bin Ahmad Muhammad Syamil', '141106-10-2953', '1', '4', '011-32277275        011-32277274', '', ''),
(299, 'Muhammad ammar safee ', '', '1', '4', '', '', ''),
(300, 'MUHAMMAD AQIB BIN MOHAMAD AMRAN', '130118-10-2543', '1', '4', '019-3564475    019-2866421', 'nabdulrasyid@gmail.com', ''),
(301, 'Izz Adelia Azhar', '131213-14-0200', '1', '4', '019-2005394', '', ''),
(302, 'Muhammad Syahmi Athmar', '130921-10-1961', '1', '4', '017-3217858 019-8918968 ', 'ainieboulevard@gmail.com', ''),
(303, 'Aqil Darwish bin Muhd Azrul Iskandar', '130709-14-1093', '1', '4', '013-3502964', 'nurliyana.tan@gmail.com', ''),
(304, 'AISYAH AFIQAH HASHIM ', '130906-10-0418', '1', '4', '013-3490051                012-3074764', 'hmomad1006@yahoo.com', ''),
(305, 'Muhammad Fayyad Iman', '', '1', '4', '', '', ''),
(306, 'NUR IRDINA DAHIYAH', '', '1', '4', '', '', ''),
(307, 'Hannah Mardhiah Abdul Aziz', '130803-10-2082', '1', '4', '', '', ''),
(308, 'Fakhrul Aslam bin Hashim', '130626-10-1811', '1', '4', '03-89128797 012-3729295', 'hnizam@upm.edu.my', ''),
(309, 'Putra rayyan irrisy', '130728-10-1003', '1', '4', '011-56846841     01132277273', '312core@gmail', ''),
(310, 'Hammad Al Hibban', '', '1', '4', '', '', ''),
(311, 'Nurin adelia sofia binti mohd sujairi', '', '1', '4', '', '', ''),
(312, 'Uwais Akif Bin Ismail Fitry ', '130611-10-3267', '1', '4', '', 'ismailfitry@upm.edu.my', ''),
(313, 'Muhammad Danish Ilman', '130724-10-0257', '1', '4', '017-3321278          017-3669923', 'raziqramesh@gmail.com', ''),
(314, 'Adil Safwan bin Asrul Khairi', '130407-06-0693', '1', '4', '', '', ''),
(315, 'Harith bin Abdullah', '120616-10-1851', '1', '4', '016-3466499', 'jumaat13@gmail.com', ''),
(316, 'najmi harraz bin nurfaznizam', '120502-10-1319', '1', '4', '', 'nurfaznizam@gmail.com', ''),
(317, 'Nur Aira Zafirah bt Abd Razak', '120121-14-0808', '1', '4', '013-3585240      013-3638101', '', ''),
(318, 'MUHAMMAD ARIEF FITRI BIN MOHD SALLEHUDDIN', '', '1', '4', '', '', ''),
(319, 'Nur Hana Hashinah binti Mohd Shahar', '', '1', '4', '', '', ''),
(320, 'Sarrah Khadeejah Yusof', '120126-10-1816', '1', '4', '019-2239024      019-2200472', 'yusop.edu@gamil.com', ''),
(321, 'DARWISH IRFAN BIN MOHD ASRAF', '120704-10-0867', '1', '4', '013-3844444 013-3833830', 'mohd.asraf@yahoo.com.my', ''),
(322, 'Nursyanira Hana Adam', '', '1', '4', '', '', ''),
(323, 'Amir Hayyan b Ab Halim', '100615-10-1317', '1', '4', '019-3878352 012-3999442', '', ''),
(324, 'Anas Sufyan bin Asrul Khairi', '1008-14-1351', '1', '4', '', '', ''),
(325, 'MUHAMMAD HARITH BIN MUHAMMAD NORAMIN', '101219-10-0181', '1', '4', '016-6135158', 'snmamin@gmail.com', ''),
(326, 'Iman Harith', '100831-10-1039', '1', '4', '017-3513446', 'dearnoriznan@gamil.com', ''),
(327, 'Raihana Nur Khadijah ', '101207-10-1910', '1', '4', '012-4123305 019-4509025', 'badrulsani@badrulsani.com', ''),
(328, 'Hudzaifah Bin Umu Aiman', '', '1', '4', '', '', ''),
(329, 'INTAN NUR JANNAH BINTI ZAIDI ARIFIN ', '', '1', '4', '', '', ''),
(330, 'IMAN HARITH BIN MOHD SHAARI ', '', '1', '4', '', '', ''),
(331, 'SHAFIY RAZIN HAKIMI BIN SYAWAL FAHMI ', '', '1', '4', '', '', ''),
(332, 'NUR JANNAH BT MOHD FADZRIZAL', '151107-10-0078', '1', '3', 'B-U8-T8,PPAM MELINJAU,JLN MELINJAU P11E PRESINT 11', '013-2114267 016-6607807', 'fadzrizaldolmat@yahoo.com'),
(333, 'MUHAMMAD AMEER HAFIZ B. KHAIRUL HAFIZI', '110220-10-0842', '1', '3', 'N0.45 JLN P11 C/1,PRESINT 11,PUTRAJAYA', '019-7561594', 'cafea6@yahoo.com'),
(334, 'ARASY ZUFITRY B. AHMAD ZAHRULLAIL', '140803-16-0257', '1', '3', 'NO.12,JLN P11A1/2,PRESINT 11,PUTRAJAYA', '019-2338741              019-6128741', 'errizan@gmail.com'),
(335, 'MEOR AMMAR B. MEOR MOHD ADLI', '170212-10-0719', '1', '3', 'NO.24 JLN JATI BUKIT P11/11 ', '012-3426706', 'meoradli@yahoo.com'),
(336, 'MEOR ANAS B.MEOR MOHD ADLI ', '140831-10-0585', '1', '3', 'NO.24 JLN JATI BUKIT P11/11 ', '012-3426706', 'meoradli@yahoo.com'),
(337, 'NUR ALISYA SOFEA', '', '1', '3', '', '', ''),
(338, 'RAJA NUR FAYYADHAH', '', '1', '3', '', '', ''),
(339, 'ANEEQ  HAZIM B. HIDAYAT PUTRA', '180205-16-0093', '1', '3', '12-3-6 PERUMAHAN PRIMA PRESINT 11,JLN P11E/5,PRESINT 11 PUTRAJAYA', '019-2737011 013-3715286', 'warrior_1120@yahoo.com'),
(340, 'NUR ANEESA HADIRAH BT HIDAYAT PUTRA ', '150928-16-0022', '1', '3', '12-3-6 PERUMAHAN PRIMA PRESINT 11,JLN P11E/5,PRESINT 11 PUTRAJAYA', '019-2737011 013-3715286', 'warrior_1120@yahoo.com'),
(341, 'MUHAMMAD ADAM RAED B RAFIZAN', '151017-16-0165', '1', '3', '112 jln p11a1/1 presint 11,putrajaya', '016-4379383 013-3365783', '016-4379383      013-3365783'),
(342, 'MUHAMMAD ADIB NAUFAL B. MOHD SHAFARIN', '141024-11-0191', '1', '3', 'F-T04-422-BLOK F,PANGSAPURI PUTRA DAMAI PRESINT 11', '010-2679980', 'norshafa838483@gmail.com'),
(343, 'NUR QAISARAH ZULAIKHA BT SYAM IZHAR', '130427-16-0034', '1', '3', '5,JLN P115A /1 PRESINT 11,PUTRAJAYA', '012-7108301 012-6506348', 'syam.izhar@gmail.com'),
(344, 'NUR HAFIDZAH QHASIDAH BT MOHD NIZAM', '150523-16-0032', '1', '3', '24,JLN P11A2/6,PRESINT 11', '012-6446852 011-15631277', 'izyan_nurul@yahoo.com'),
(345, 'PUTERI AISYAH HUMAIRAH BT AZRIN PUTRA', '170404-16-0310', '1', '3', 'BLOK A-TO 7,U06,APARTMENT PARCEL 17RK1,JLN P17A, 62150 PRESINT 17,PUTRAJAYA ', '013-5025186       013-5025169', ''),
(346, 'ANISA BT AZRI', '140427-14-0614', '1', '3', '16,JLN P11F/16,PRESINT 11,PUTRAJAYA', '013-3077979           013-3973323', ''),
(347, 'AMMAR ZULQARNAIN B AHMAD ZAHRULLAIL', '130115-10-0681', '1', '3', 'NO.12,JLN P11A1/2,PRESINT 11,PUTRAJAYA', '019-2338741              019-6128741', 'errizan@gmail.com'),
(348, 'AHMAD AMMAR B ALWI', '131221-16-0033', '1', '3', '29,JLN P11 A1/1,PRESINT 11,PUTRAJAYA', '011-1026409', 'nanysharida@gmail.com'),
(349, 'MUHAMMAD TARIQ AIDAN ', '130515-14-0797', '1', '3', 'PRESINT 11', '019-9364123      019-9364456', 'mzuliaili@yahoo.com'),
(350, 'IZZAH ZAHRAA BINTI ABDUL HANIFF', '', '1', '2', 'NO.31 JALAN BM 6/7C, SEKSYEN 6', '012-2216534\n012-2985', 'ahs_rejangjati@hotmail.com'),
(351, 'FARIHAH HANNANI BINTI FAIZAL HAKIM', '', '1', '2', 'NO. 18-3, JALAN SERI PUTRA 1/2', '013-3948586\n013-3698', 'juana_ahmad@yahoo.com'),
(352, 'IZZANNISA WAFI HALIAN ADI RIZAL', '', '1', '2', '20868, JALAN SENTOSA 3, DESA S', '019-7797007\n019-6464', 'juana_ahmad@yahoo.com'),
(353, 'HANA SYAHEERA BINTI SYARMIZAL', '130106-10-0984', '1', '2', 'BG-3A, PANGSAPURI ANGGERIK, TA', '017-3181805\n013-2121407', 'syarmizal@gmail.com'),
(354, 'MUHAMMAD BIN ABU BAKAR', '', '1', '2', 'LOT-3673 JALAN AMAN, SUNGAI ME', '019-6777591\n019-6777', 'juana_ahmad@yahoo.com'),
(355, 'AHMAD BIN ABU BAKAR', '', '1', '2', 'LOT-3673 JALAN AMAN, SUNGAI ME', '019-6777591\n019-6777', 'juana_ahmad@yahoo.com'),
(356, 'AFEEF SYAZWAN BIN ALIAS', '120124-14-0133', '1', '2', 'NO.2, JALAN 8/35C, TAMAN SERI ', '019-9439434', 'afeefalias@gmail.com'),
(357, 'MUHAMMAD ZHAFRAN \'ALMEEN B. MUHAMMAD EZAD', '150828-14-0489', '1', '2', 'NO.6,JLN B.T.K 5/7,BANDAR TEKNOLOGI KAJANG,SEKSYEN 5', '013-7120045', ''),
(358, 'MUHAMMAD FATH RIZQ B RAFIZAL', '150903-10-1325', '1', '2', '5,JLN 3/36,SEKSYEN 3,BANDAR BARU BANGI', '019-3381664       013-3977806', 'faizahnasir@upm.edu.my'),
(359, 'AIRA QASHRINA BTMOHD NASARUDIN', '121104-11-0150', '1', '2', 'NO.25 JLN PUNCAK UTAMA 2/3A,TMN PUNCAK UTAMA ', '013-3931418      012-6165623', 'airaharnani@gmail.com'),
(360, 'SARAH', '140927-14-0503', '1', '2', '', '', ''),
(361, 'M.HARITH HANNAN B. M HELMI', '140722-10-0527', '1', '2', '58,jln puncak saujana 413,tmn puncak saujana,sek 4', '012-3191279', 'cthajar6220@gmail.com'),
(362, 'FAWZA SABILA BT MOHD RIDWAN', '', '1', '2', '', '', ''),
(363, 'HAMZAR B.ZAKY MUBARAK', '', '1', '2', '', '', ''),
(364, 'IMRAN B. ZAKY MUBARAK', '', '1', '2', '', '', ''),
(365, 'AHMAD DARWISH B SYAMZARI', '140125-10-1185', '1', '2', '34,JLN RAMAL VILLA 1,TMN RAMAL VILLA ', '012-9547787      012-2937625', ''),
(366, 'MAIZAH QAISARA BT ZULKIFLI', '130303-10-0208', '1', '2', 'NO.3 JLN 1/3C,SEKSYEN 1 BANDAR BARU BANGI', '019-3133575 019-2760076', 'ezzul2004@gmail.com'),
(367, ' EHSAN DARWISY B KHAIRIL SHAH', '', '1', '2', '', '', ''),
(368, 'NUR IRDINA HANNAN BT MOHD RIFQI', '130221-16-0020', '1', '2', 'c-11-PPAM SERULING,JLN P5A/5,PRESINT 5 PUTRAJAYA', '', 'italiya_nurul@yahoo.com'),
(369, 'MUHAMMAD IHTISYAM B MOHD ISRUL', '120531-14-1061', '1', '2', 'NO.106,JLN TPS 1/4 TMN PELANGI SEMENYIH ', '019-2434322 ', 'suezza@gmail.com'),
(370, 'NUR SYAZA INSYIRAH BT MOHD ISRUL', '120531-14-1088', '1', '2', 'NO.106,JLN TPS 1/4 TMN PELANGI SEMENYIH ', '019-2434322 ', 'suezza@gmail.com'),
(371, 'ASYRAF WAQIUDDIN B MOHD JOHAARY', '', '1', '2', '', '', ''),
(372, 'PUTRA AZRUL DANISH', '112106-10-3317', '1', '2', '18,JLN SUTERA 3/4,TAMAN SUTERA KAJANG', '012-3664050 013-6245660', 'datukakn1972@gmail.com'),
(373, 'AINUL MARDHIAH BT MOHD ANUAR', '140619-10-1716', '1', '2', '7,LOT 2627,PERSIARAN RAHMAT TERAS JERNANG BANDAR BARU BANGI', '014-8474128       014-5142178', 'memastura@gmail.com');
INSERT INTO `student_0_db` (`student_id`, `student_name`, `student_ic`, `student_grade`, `student_center_id`, `student_address`, `student_tel_no`, `student_email`) VALUES
(374, 'DAMIA HUSNA BT HASNULHADY', '141002-14-0170', '1', '2', '10,JLN DM2,TAMN DESA MAS,SEKSYEN 1 SUNGAI MERAB KAJANG', '019-3903646          010-6525505', 'hasnul.hasan@gmail.com'),
(375, 'MAZ SYAFEEYAH SOFEA BT MOHD SHAHMIHAIZAN', '', '1', '2', '', '', ''),
(376, 'MUHAMMAD FURQAN B MOHD SHAHMUHAIZAN', '', '1', '2', '', '', ''),
(377, 'IHSAN MADANI B NURULHISHAM', '140913-14-0409', '1', '2', '29,jln vista emas 4,tmn vista emas,kajang', '012-2367935', 'farizah.ansarudin@gmail.com'),
(378, 'HAMZAH YUSUF B MUHAMMAD HAZIM', '', '1', '2', '', '', ''),
(379, 'AUNI SYAKIRAH BT SYAMI AZHAN', '130909-03-1120', '1', '2', '48,JLN 8/29B SERI WIRANI 8,SEKSYEN 8,BANDAR BARU BANGI', '012-9556294            019-9212022', 'syahmi.azhan@gmail.com'),
(380, 'HANA ZAMIR', '', '1', '2', '', '', ''),
(381, 'DAMIA QISTINA ISMARIZAL', '', '1', '2', '', '', ''),
(382, 'LUQMAN B MOHD TARMIZI', '120529-10-1423', '1', '2', 'NO.39 JLN SAUJANA 3/1 TMN DESA SAUJANA KAJANG', '019-2336487 019-6413489', 'hasnahmj@gmail.com'),
(383, 'AUFA NAFEESA BT ANAS', '130429-10-1484', '1', '2', '22jln 9/94,seksyen 9,bandar baru bangi', '012-2727597       012-2202597', 'zalikhawazir@yahoo.com'),
(384, 'WAN MOHD DANI B WAN MOHD UZAINI', '131104-14-0395', '1', '2', '6,LEP4121 TAMAN LUTARI PUTRA SERI KEMBANGAN', '012-2248927', ''),
(385, 'MUHAMMAD QAID EEMARAN B MOHD FADZIL', '', '1', '2', '', '', ''),
(386, 'PUTERI IRIS SYAFIYAH BT ISFARIZAL SOFIAN', '', '1', '2', '', '', ''),
(387, 'NUR JANNAH BT ZULKEFFLY', '', '1', '2', '', '', ''),
(388, 'SITI NUR KHATIJAH BT KAHARUDDIN', '150521-10-2218', '1', '2', '227,JLN SATU,TMN SEKAMAT ', '011-32096964       017-3244108', 'farannie.enterprise@outlook.com'),
(389, 'AUNI ALFIRRAH BT MOHD ARIFIN', '', '1', '2', '', '', ''),
(390, 'NU\'MAN ILHAMI B MOHD HILMI', '', '1', '2', '', '', ''),
(391, 'AHMAD ZUBAIR B AHMAD FIRDAUS', '130709-10-1841', '1', '2', 'LOT 4353,JLN PHI PUTRA HEIGHT ,SUNGAI MERAB LUAR', '012-7035854', 'dratikahlatiff@gmail.com'),
(392, 'AHMAD BILAL B AHMAD FIRDAUS', '150918-10-0039', '1', '2', 'LOT 4353,JLN PHI PUTRA HEIGHT ,SUNGAI MERAB LUAR', '012-7035854', 'dratikahlatiff@gmail.com'),
(393, 'NUREL WIDADY BT MOHD NAJIB', '', '1', '2', '', '', ''),
(394, 'NUREL EMANY BT MOHD NAJIB', '', '1', '2', '', '', ''),
(395, 'FIRAZ ZAYYAN B MOHD FARID', '', '1', '2', '', '', ''),
(396, 'NUR QAIREEN ZULAIKHA BT MOHD NAZROL', '', '1', '2', 'NO.43 JLN BAGI AVENUE 1/7,TAMAN BANGI AVENUE ', '012-6449877 010-8167707', ''),
(397, 'MUHAMMAD ADAM B BURHANUDDIN', '150804-10-2787', '1', '2', '38 JLN 8/27D,SEKSYEN 8 BANDAR BARU BANGI', '013-3667155      019-2085304', 'bdin@hotmail.com'),
(398, 'IZMA ZAHRA BT NOR EFFENDY', '151016-14-0744', '1', '2', '15,JLN 1/7G,BANDAR BARU BANGI', '018-3706476        018-3649348', 'effendy.vr@gmail.com'),
(399, 'HANA ZAHRA BT NOR EFFENDY', '151016-14-0736', '1', '2', '15,JLN 1/7G,BANDAR BARU BANGI', '018-3706476        018-3649348', 'effendy.vr@gmail.com'),
(400, 'HUSNA ZAHRA BT NOR EFFENDY', '130521-10-1364', '1', '2', '15,JLN 1/7G,BANDAR BARU BANGI', '018-3706476        018-3649348', 'effendy.vr@gmail.com'),
(401, 'SUMAYYAH  SYAHIDAH BT NOR IMRAN', '130420-10-0290', '1', '2', '32,JLN 12C TMN MAWAR BANDAR BARU  BANGI SALAK TINGGI SEPANG', '019-2111369', 'shima.naharudin@gmail.com'),
(402, 'WAN AHMAD EHAB \'ABEER', '141128-10-2583', '1', '2', '44,JLN BANDAR SERI PUTRA 3/3,BANDAR SERI PUTRA ', '019-3300930   019-6641664', 'sharifahhana@kuis.edu,my'),
(403, 'RAZZIYYA BT MOHD ROHAIZAT', '151023-16-0284', '1', '2', '33 JLN 15/5A,SEKSYEN 15 BANDAR BARU BANGI', '012-6812270    012-3555075', 'rohaizat@upm.edu.my'),
(404, 'RAFHAA BT MOHD ROHAIZAT', '120418-10-2474', '1', '2', '33 JLN 15/5A,SEKSYEN 15 BANDAR BARU BANGI', '012-6812270    012-3555075', 'rohaizat@upm.edu.my'),
(405, 'MUHAMMAD UMAR B MOHD FADZLEY', '', '1', '2', '', '', ''),
(406, 'MAYA BT NAJMI ALIFF', '', '1', '2', '', '', ''),
(407, 'WAN NURQAIREEN ZULAIKHA BT WAN MUHAMMAD', '130309-10-0348', '1', '2', 'NO4-17,BLOK JASMIN,TAMN DESA SENTOSA ,TERAS JERNANG BANDAR BARU BANGI', '', ''),
(408, 'UMAR B MUHAMMAD AFIQ', '140425-10-1013', '1', '2', '21,JLN 3/51,SEKSYEN 3 TAMBAHAN,BB BANGI', '019-9870164       013-2780054', 'mafiqmatali@gmail.com'),
(409, 'JASMIN KAIYISAH BT SHAHRUDDIN', '140506-10-1082', '1', '2', '4,jln 9/9d,seksyen 9 bandar baru bangi', '012-2046309', 'azzi304@gmail.com'),
(410, 'HASYA ZULAIKHA BT MOHD NOOR HAKIM', '', '1', '2', '', '', ''),
(411, 'FATIN HANA HAZ BT MOHD HAZAMUZIR', '', '1', '2', '', '', ''),
(412, 'NUR SHA ATHIFA BT MOHD SHAFEZAN', '140324-08-0022', '1', '2', '16,JLN 4/3E,SEKSYEN 4 BANDAR BARU BANGI', '019-3901041 012-3940041', 'sarah_27852@yahoo.com'),
(413, 'KU FAREQ ELMAN B. KU HAFEZ EMRAN ', '140214-10-1531', '1', '2', '3,JLN 1515G,SEKSYEN 15,BANDAR BARU BANGI', '019-3862608     019-2737462', 'kuhafez@gmail.com'),
(414, 'NUR SOFIA NAZNEEN BT MOHD RUDY', '150623-10-2710', '1', '2', '9,JLN HARMONI 11/3 TAMAN HARMONI BANDAR TEKNOLOGI KAJANG ', '012-6325142 012-7527567', 'mohdrudyannuar@gmail.com'),
(415, 'AHMAD HARIZ IMAN B AHMAD SYUKRI', '', '1', '2', '', '', ''),
(416, 'MUHAMMAD IRFAN B MUHAMMAD RAZALI', '130741-16-0061', '1', '2', '29 JLN SHERRA 8/3A,BANDAR 16 SIERRA,PUCHONG ', '012-3300240         012-3730240', 'mdrazali@gmail.com'),
(417, 'NUR MADIHAH B MUHAMMAD NOOR', '111117-14-0552', '1', '2', '30,JLN SERI PUTRA 7/5 TMN SERI PUTRA ', '017-6347931', 'mazlinamalek@kuis.edu.my'),
(418, 'LUQMAN B ABDUL HALIM', '', '1', '2', '', '', ''),
(419, 'PUTERI NUR DHIA AQEELA B ZAIDIN', '', '1', '2', '', '', ''),
(420, 'NURUL FARISHA FARHANA BT MOHD ROSZALI', '', '1', '2', '', '', ''),
(421, 'QAISARA HANNAN BT MOHD SAHRIZAN', '', '1', '2', '', '', ''),
(422, 'AHMAD B ALMUSLIM', '', '1', '2', '', '', ''),
(423, 'NUR AREEQAH MAISARAH', '151105-11-0918', '1', '2', '33,jln 4/5e seksyen 4 bandar baru bangi', '013-3530906', ''),
(424, 'HADEEF NUR RAHMAN B. MOHD AFFENDI', '131207-10-0835', '1', '2', 'NO7,JLN TWP 5,TMAN WARISAN PUTRA,JENDERAM HILIR ', '018-3252474         013-7055518', ''),
(425, 'MUHAMMAD AL-FATEH B. HASSANAL BOLKIAH', '140713-10-1237', '1', '2', 'NO18,JLN 15/5G,GARDEN HOMES ,SEKSYEN 15 BANDAR BARU BANGI', '019-2420212 019-2692802', 'fazlina.fd@gmail.com'),
(426, 'ANAS FIRDAUS BIN MOHAMMAD', '', '1', '2', '', '', ''),
(427, 'FARIHAH HANNANI', '121113-10-1264', '1', '2', '42A,JLN HARMONI 12,TMN HARMONI SEMENYIH', '  013-3948586', 'fhba0254@yahoo.com'),
(428, 'KU AYDEN ISYRAF B. KU HAFEZ EMRAN', '120621-10-1047', '1', '2', '3,JLN 1515G,SEKSYEN 15,BANDAR BARU BANGI', '019-3862608     019-2737462', 'kuhafez@gmail.com'),
(429, 'SITI KHADIJAH B. ZAHARI', '', '1', '2', '', '', ''),
(430, 'ANAS FARUQI ', '150805-10-0433', '1', '2', 'LOT 3082(B),SUNGAI MERAB LUAR,KAJANG', '03-89220650 017-2098962', 'a.firdausmohd@gmail.com'),
(431, 'DIAN AZRA BT MUHAMMAD SHAZNAN', '', '1', '2', '', '013-3269668       019-3705295', ''),
(432, 'ADEL FARHAN ', '', '1', '2', '', '', ''),
(433, 'HANIN NUR AS-SOLEHAH BT MOHD KAMAL FAUZI', '', '1', '2', '', '', ''),
(434, 'ALIYA BT MOHD FAISAL', '', '1', '2', '', '', ''),
(435, 'AARIZ NUR HAIQAL ANUAR SHAHROL', '140210-10-0929', '1', '2', '12,jln surada 12,tmn desa surada ,seksyen 8,bandar baru bangi ', '019-9690942', 'anuar.shahrol@gmail.com'),
(436, 'ADEENA RAISYA BT AMIRUL HAYAT', '', '1', '2', '', '012-4417617', ''),
(437, 'MUHAMMAD HARITH RIZQ B MOHD AZIM', '141115-10-1979', '1', '2', 'B-2-4 PANGSAPURI CEMPAKA SARI SEKSYEN 9,TMN IKS BANDAR BARU BANGI', '013-2317471', 'uyajamil@gmail.com'),
(438, 'ANAS HAZMI B ABDUL HISHMI', '140520-10-1249', '1', '2', '15,JLN AS 3/2 ALAM SENTOSA KG.SG. MERAB ', '012-3767982           012-3685373', 'sheeragani@gmail.com'),
(439, 'NUR ATHIFA HURIYA NORHAIZAD', '120429-10-1370', '1', '2', 'LOT 521/5 LORONG MAWAR PUTIH KG DATO ABU BAKAR BAGINDA', '017-2452969', 'norlida.ag@gmail.com'),
(440, 'ZARA IRDINA BT MUHAMMAD KHAIRUDIN', '', '1', '2', '', '017-2881202', ''),
(441, 'SOFEA BT MOHD FARID FAISAL', '150604-10-0090', '1', '2', '14,JLN 3/4C,BANDAR BARU BANGI', '019-2078158', 'faridfaisal@tnb.com.my'),
(442, 'AMIR RAIHAN B ABDUL HALIM', '100615-10-1317', '1', '2', '42,JLN 8/21,SEKSYEN 8 BANDAR BARU BANGI', '019-3878352     012-3999442', ''),
(443, 'IZZAH AISYAH BT IKHLAS ', '', '1', '2', '', '', ''),
(444, 'AISYAH NADHIRAH', '', '1', '2', '', '', ''),
(445, 'FATIMAH NOR SOFEYA BT MOHD YUSRI', '', '1', '2', '', '', ''),
(446, 'BATRISYA SOPHEYYA BT M. AMALUDIN', '131014-06-0056', '1', '2', '15,JLN SENTOSA 16,DESA SENTOSA BANDAR BARU BANGI', '013-2119658   013-9729704', ''),
(447, 'NURUL ALMA DARWISYAH', '', '1', '2', '', '', ''),
(448, 'QAID MUHAYMIN B MOHAMMAD ZAKY', '140418-10-0573', '1', '2', 'L-8-7 VISTA SERI PUTRA ARATMENT,JLN SERI PUTRA 2/3,BANDAR SERI PUTRA', '012-3494248     016-3114248', 'nurzack04@yahoo.co.uk'),
(449, 'NUR FATNIN MAISARAH BT MOHD HELMEY', '', '1', '2', '', '', ''),
(450, 'ALISHA WAFA BT RIDZUAN', '', '5', '2', 'NO.2 JALAN 8, DESA SERI SAUJAN', '013-3977807\n013-3973', 'junaidahgssoc@gmail.com'),
(451, 'MUHAMMAD ARYAN HAIKAL B. MOHD HAFIZ', '120420-10-0531', '5', '2', 'NO.17, JALAN HP 1/9, HILL PARK', '019-2018844\n019-2100', 'safu0101@gmail.com'),
(452, 'ALIYA BT. MOHD FAISAL', '111213-83-0078', '5', '2', 'NO.18, JALAN LAMAN KENANGA 1, ', '012-6765211\n017-2578', 'alqandra@yahoo.com'),
(453, 'NUR QAIREENA AMNIEY BT. ASRUL AZWANI', '120519-14-0568', '4', '2', 'NO.45, JALAN SARI ILMIA 2/3, A', '013-356456\n012-36414', 'nurliza.isma@yahoo.com'),
(454, 'NUR QALEISYA DANIA BT. ASRUL AZWANI', '100707-14-0292', '4', '2', 'NO.45, JALAN SARI ILMIA 2/3, A', '013-356456\n012-36414', 'nurliza.isma@yahoo.com'),
(455, 'AISHAH NADHIRAH BINTI NAZLI', '131017-03-0012', '4', '2', 'NO.14 JALAN 4/10C, SEKSYEN 4 T', '013-9343436', 'aizamsalmi@gmail.com'),
(456, 'NURUL HUMAIRA BT. MOHD HASRUL', '100923-10-1204', '3', '2', 'NO.71, JALAN HP 5/1, HILLPARK ', '013-3019646\n013-3090', 'juana_ahmad@yahoo.com'),
(457, 'MUHAMMAD HARITH HAFIY B. HELMI ', '120808-10-0917', '3', '2', '58,jln puncak saujana 413,tmn puncak saujana,sek 4', '012-3191279', 'cthajar6220@gmail.com'),
(458, 'RAFA EL AMIN BIN MOHD SHAZMAN', '120530-10-1033', '3', '2', 'NO. 56, JALAN 15/5B, GARDEN HO', '012-2676370\n017-3568', 'shazman.zulkiply@outlook.com'),
(459, 'NUR MIA ZARA BATRSYIA BT. MOHD MASRI ', '120827-10-0824', '9', '2', 'LOT 1499, JALAN SG BUAH LUAR, ', '012-2728077\n013-3847', 'mohdmasri_jamali@yahoo.com'),
(460, 'NURUL FATHNIN BT. MUHAMMAD FADZLI', '111221-16-0078', '9', '2', 'NO.13, JALAN CASA MEKAR 2, TAM', '012-3226025\n012-3746', 'samad03@gmal.com'),
(461, 'NUR AMANI BT. YUSRAN', '100628-87-0078', '9', '2', 'NO.34, JALAN 8/30A, SEKSYEN 8,', '012-6627157\n018-2662', 'saisyahbakar@gmail.com'),
(462, 'UMMU FATHIAH BT. NURUL SYAHRIZAN', '130510-10-0286', '7', '2', '31, JALAN HP 3/2, HILL PARK 2,', '019-3582107\n019-3562', 'nsyahrizan@gmail.com'),
(463, 'AMIR REDZA B. NURUL SYAHRIZAN', '111015-10-1667', '7', '2', '31, JALAN HP 3/2, HILL PARK 2,', '019-3582107\n019-3562', 'nsyahrizan@gmail.com'),
(464, 'MUHAMMAD ADAM BIN YUSRAN', '131112-10-1915', '7', '2', 'NO.34, JALAN 8/30A, SEKSYEN 8,', '012-6627159\n018-2662', 'saisyahbakar@gmail.com'),
(465, 'AHMAD ASIF RIYADH BIN AHMAD TARMIZI', '2147483647', '6', '2', 'NO. 25 JALAN TSJ 11, TAMAN SRI JELOK, 43000 KAJANG, SELANGOR', '166061102', 'syahirah0611@gmail.com'),
(466, 'NURUL FADHILAH MUHAMMAD FADZLI', '060327-10-1378', '6', '2', 'NO.13, JALAN CASA MEKAR 3, TAM', '012-3746456\n013-3226', 'nazlia82@gmail.com'),
(467, 'NIK HAFIY B. NIK AZUAN ', '120623-14-0357', '6', '2', 'NO.35, JALAN 3/52, SEKSYEN 3 T', '019-3245644\n013-2845', 'scudix@gmail.com'),
(468, 'YUSUF ABDUH B. KAMAL ARIFFIN', '120522-10-3233', '6', '2', 'NO. 18-3, JALAN SERI PUTRA 1/2', '019-3823494', 'juana_ahmad@yahoo.com'),
(469, 'SITI ADELIYA AN-NEESA', '130214-16-0110', '6', '2', 'NO.2 JALAN 1/2 BANDAR BARU BAN', '013-6766920\n019-2318', 'nadra812@gmail.com'),
(470, 'MUHAMMAD AARIZ HAFIY BIN MOHD HELMI', '120909-10-1759', '6', '2', 'NO.6, JALAN INDERA INDAH 1, TA', '013-3431601', 'juana_ahmad@yahoo.com'),
(471, 'MUHAMMAD AISAR ARIFF B BAHTIAR', '', '', '2', '', '', ''),
(472, 'NUR ATHIYYAH BINTI MOHD HELMY RIZAL', '', '', '2', '', '', ''),
(473, 'FATIN NUR FIRDAUS ', '090128-10-2076', '1', '5', '018-3852368', '', ''),
(474, 'NUR IMANINA BATRISYA BT MOHD IRWAN', '080709-14-0482', '1', '5', '019-3234371        019-6000739', 'nohdirwan9191@gmail.com', ''),
(475, 'AEESYA SARA BT MOHD AZAHARI', '080916-14-0998', '1', '5', '013-3401031', 'azaryh@yahoo.com', ''),
(476, 'AMIRUL IRFAN BIN KHAIRUL AZREEM', '000210100202', '11', '1', 'NO 50 JALAN SERI PUTRA 3/9', '019-664-3494', 'arfankareem1002@gmail.com');

-- --------------------------------------------------------

--
-- Table structure for table `student_1_attendence`
--

CREATE TABLE `student_1_attendence` (
  `attendence_id` int(11) NOT NULL,
  `attendence_date` date NOT NULL,
  `attendence_class_id` int(10) NOT NULL,
  `attendence_student_id` int(10) NOT NULL
) ENGINE=InnoDB DEFAULT CHARSET=utf8mb4;

--
-- Dumping data for table `student_1_attendence`
--

INSERT INTO `student_1_attendence` (`attendence_id`, `attendence_date`, `attendence_class_id`, `attendence_student_id`) VALUES
(1, '2022-10-01', 3, 2),
(2, '2022-10-01', 3, 3),
(3, '2022-10-01', 3, 23),
(4, '2022-10-01', 3, 7),
(5, '2022-10-01', 3, 69),
(6, '2022-10-01', 3, 426),
(7, '2022-10-01', 3, 5),
(32, '2022-10-02', 2, 477),
(37, '2022-10-02', 10, 1),
(38, '2022-10-02', 10, 2),
(39, '2022-10-02', 10, 3),
(40, '2022-10-02', 10, 4),
(41, '2022-10-03', 6, 1),
(42, '2022-10-03', 6, 2),
(51, '2022-10-22', 7, 43),
(52, '2022-10-22', 7, 4),
(64, '2022-10-22', 4, 77),
(65, '2022-10-22', 4, 93),
(66, '2022-10-22', 4, 40),
(67, '2022-10-22', 4, 400),
(68, '2022-10-22', 4, 146),
(74, '2022-10-23', 2, 5),
(78, '2022-10-23', 10, 100),
(80, '2022-10-23', 10, 300),
(85, '2022-10-24', 6, 476);

--
-- Indexes for dumped tables
--

--
-- Indexes for table `admin_0_acc`
--
ALTER TABLE `admin_0_acc`
  ADD PRIMARY KEY (`admin_id`);

--
-- Indexes for table `general_0_center`
--
ALTER TABLE `general_0_center`
  ADD PRIMARY KEY (`center_id`);

--
-- Indexes for table `general_1_session`
--
ALTER TABLE `general_1_session`
  ADD PRIMARY KEY (`session_id`);

--
-- Indexes for table `general_3_class`
--
ALTER TABLE `general_3_class`
  ADD PRIMARY KEY (`class_id`);

--
-- Indexes for table `student_0_db`
--
ALTER TABLE `student_0_db`
  ADD PRIMARY KEY (`student_id`);

--
-- Indexes for table `student_1_attendence`
--
ALTER TABLE `student_1_attendence`
  ADD PRIMARY KEY (`attendence_id`);

--
-- AUTO_INCREMENT for dumped tables
--

--
-- AUTO_INCREMENT for table `admin_0_acc`
--
ALTER TABLE `admin_0_acc`
  MODIFY `admin_id` int(11) NOT NULL AUTO_INCREMENT, AUTO_INCREMENT=2;

--
-- AUTO_INCREMENT for table `general_0_center`
--
ALTER TABLE `general_0_center`
  MODIFY `center_id` int(10) NOT NULL AUTO_INCREMENT, AUTO_INCREMENT=6;

--
-- AUTO_INCREMENT for table `general_1_session`
--
ALTER TABLE `general_1_session`
  MODIFY `session_id` int(11) NOT NULL AUTO_INCREMENT, AUTO_INCREMENT=4;

--
-- AUTO_INCREMENT for table `general_3_class`
--
ALTER TABLE `general_3_class`
  MODIFY `class_id` int(11) NOT NULL AUTO_INCREMENT, AUTO_INCREMENT=12;

--
-- AUTO_INCREMENT for table `student_0_db`
--
ALTER TABLE `student_0_db`
  MODIFY `student_id` int(11) NOT NULL AUTO_INCREMENT, AUTO_INCREMENT=477;

--
-- AUTO_INCREMENT for table `student_1_attendence`
--
ALTER TABLE `student_1_attendence`
  MODIFY `attendence_id` int(11) NOT NULL AUTO_INCREMENT, AUTO_INCREMENT=86;
COMMIT;

/*!40101 SET CHARACTER_SET_CLIENT=@OLD_CHARACTER_SET_CLIENT */;
/*!40101 SET CHARACTER_SET_RESULTS=@OLD_CHARACTER_SET_RESULTS */;
/*!40101 SET COLLATION_CONNECTION=@OLD_COLLATION_CONNECTION */;
